tag_completo,prefixo,tipo_instrumento,descricao,sistemas_manual,fases_vault,qtd_mencoes_manual,trecho_exemplo,fonte_trecho,origem
37220-V-5121,V,Válvulas Manuais / Bloqueio,Válvula de desligamento manual no ar de instrumento,,,0,,,Somente lista oficial (sem contexto)
37220-V-5146,V,Válvulas Manuais / Bloqueio,Válvula de desligamento manual nas linhas de ar pressurizado,,,0,,,Somente lista oficial (sem contexto)
37221-FV-5015,FV,Válvulas de Controle de Vazão,Válvula de controle de água de alimentação da caldeira,,11_Analise_Riscos; Operação Normal; Partida; README.md,0,"* Encher e ventilar a tubulação com cuidado até a válvula de controle de água de alimentação **37221-FV-5015**, usando a altura estática do tanque.",03_Partida/Caldeira_Partida_Agua_Alimentacao.md,Vault
37221-HV-5021,HV,Válvulas Manuais Acionadas (ar/motor),Desvio da válvula de controle de água de alimentação,,Partida,0,* Válvula de controle **37221-FV-5015** e seu desvio **37221-HV-5021**: fechados.,03_Partida/Caldeira_Partida_Agua_Alimentacao.md,Vault
35221-SIC-1040,SIC,Controladores Indicadores de Velocidade,Controlador de velocidade da bomba de água de alimentação (bomba FW 1),,Partida,0,* Verificar se o controlador de velocidade da bomba **35221-SIC-1040** (bomba FW1) / **35221-SIC-1047** (bomba FW2) está em modo **REMOTO**.,03_Partida/Caldeira_Partida_Agua_Alimentacao.md,Vault
35221-SIC-1047,SIC,Controladores Indicadores de Velocidade,Controlador de velocidade da bomba de água de alimentação (bomba FW 2),,Partida,0,* Verificar se o controlador de velocidade da bomba **35221-SIC-1040** (bomba FW1) / **35221-SIC-1047** (bomba FW2) está em modo **REMOTO**.,03_Partida/Caldeira_Partida_Agua_Alimentacao.md,Vault
35221-P-1119,P,Bombas,Bomba de água de alimentação 1,5.2 - Sistema de Água e Vapor,,1,BOMBAS DE ÁGUA DE ALIMENTAÇÃO 35221-P-1119,5.2 - Sistema de Água e Vapor.txt,Manual completo
35221-P-1121,P,Bombas,Bomba de água de alimentação 2,5.2 - Sistema de Água e Vapor,,1,E 35221-P-1121,5.2 - Sistema de Água e Vapor.txt,Manual completo
37223-M-5208,M,"Equipamentos Mecânicos (motores, tanques, ventiladores, transportadores...)",Transportador pneumático do boiler bank da caldeira,5.10 - Sistema de Manuseio de Cinza Volante,,4,BANK 37223-M-5208                                                                                M-5210,5.10 - Sistema de Manuseio de Cinza Volante.txt,Manual completo
37223-M-5203,M,"Equipamentos Mecânicos (motores, tanques, ventiladores, transportadores...)",Transportador pneumático abaixo das tremonhas de cinza de 2ª passagem,5.10 - Sistema de Manuseio de Cinza Volante,,4,ROSCA DE CINZA DO BOILER BANK 37223-M-5203                                                    ROSCA DE CINZA DO ECO 37223-M-5209,5.10 - Sistema de Manuseio de Cinza Volante.txt,Manual completo
37223-M-5210,M,"Equipamentos Mecânicos (motores, tanques, ventiladores, transportadores...)",Transportador pneumático do economizador,5.10 - Sistema de Manuseio de Cinza Volante,,3,pneumático de cinza de 3ª passagem 37223-M-5210.,5.10 - Sistema de Manuseio de Cinza Volante.txt,Manual completo
37223-M-5209,M,"Equipamentos Mecânicos (motores, tanques, ventiladores, transportadores...)",Transportador pneumático abaixo das tremonhas de cinza do economizador,5.10 - Sistema de Manuseio de Cinza Volante,,4,ROSCA DE CINZA DO BOILER BANK 37223-M-5203                                                    ROSCA DE CINZA DO ECO 37223-M-5209,5.10 - Sistema de Manuseio de Cinza Volante.txt,Manual completo
37223-M-5212,M,"Equipamentos Mecânicos (motores, tanques, ventiladores, transportadores...)",Transportador pneumático de filtro ESP 1,5.10 - Sistema de Manuseio de Cinza Volante,,3,"5211 e 37223-M-5213, transportadores pneumáticos de cinza ESP 37223-M-5212 e 37223-M-5214.",5.10 - Sistema de Manuseio de Cinza Volante.txt,Manual completo
37223-M-5214,M,"Equipamentos Mecânicos (motores, tanques, ventiladores, transportadores...)",Transportador pneumático de filtro ESP 2,5.10 - Sistema de Manuseio de Cinza Volante,,4,"5212, 37223-M-5214",5.10 - Sistema de Manuseio de Cinza Volante.txt,Manual completo
37224-M-5333,M,"Equipamentos Mecânicos (motores, tanques, ventiladores, transportadores...)",Ventilador de gás de combustão,5.6 - Sistema de Gases de Combustão,,2,VENTILADOR DE GÁS DE COMBUSTÃO 37224-M-5333,5.6 - Sistema de Gases de Combustão.txt,Manual completo
37224-PIC-5400,PIC,Controladores Indicadores de Pressão,Controle de pressão da fornalha da caldeira,5.5 - Sistema de Ar; 5.6 - Sistema de Gases de Combustão,Operação Normal; Partida,3,• A medição da pressão da fornalha 37224-PIC-5400 é a mediana de três medidas de pressão da,5.5 - Sistema de Ar.txt,Manual completo + Vault
37224-XS-5384,XS,Chaves/Status Discretos (sequências),Sequência de purga da fornalha,5.5 - Sistema de Ar,Partida,4,Sequência de purga da caldeira 37224-XS-5384,5.5 - Sistema de Ar.txt,Manual completo + Vault
37224-M-5324,M,"Equipamentos Mecânicos (motores, tanques, ventiladores, transportadores...)",Ventilador de ar overfire,5.5 - Sistema de Ar,,2,VENTILADOR DE AR PARA QUEIMA (OVERFIRE) 37224-M-5324,5.5 - Sistema de Ar.txt,Manual completo
37224-PIC-5369,PIC,Controladores Indicadores de Pressão,Controle / Damper de pressão do fluxo de ar overfire / ar secundário,5.5 - Sistema de Ar,Operação Normal; Partida,4,Controlador de pressão do ar de queima 37224-PIC-5369,5.5 - Sistema de Ar.txt,Manual completo + Vault
37224-FIC-5372,FIC,,"Controle de fluxo de ar overfire / secundário inferior, parede dianteira",5.5 - Sistema de Ar,Operação Normal; Partida,4,Controlador de fluxo da parede frontal do ar secundário inferior 37224-FIC-5372,5.5 - Sistema de Ar.txt,Manual completo + Vault
37224-FIC-5375,FIC,,"Controle de fluxo de ar overfire / secundário inferior, parede traseira",5.5 - Sistema de Ar,Operação Normal; Partida,4,Controlador de fluxo da parede traseira do ar secundário inferior 37224-FIC-5375,5.5 - Sistema de Ar.txt,Manual completo + Vault
37224-FIC-5378,FIC,,"Controle de fluxo de ar overfire / secundário superior, parede traseira",5.5 - Sistema de Ar,Operação Normal; Partida,4,Controlador de fluxo da parede traseira do ar secundário superior 37224-FIC-5378,5.5 - Sistema de Ar.txt,Manual completo + Vault
37224-FIC-5379,FIC,,"Controle de fluxo de ar overfire / secundário superior, parede dianteira",5.5 - Sistema de Ar,Operação Normal; Partida,4,Controlador de fluxo da parede frontal do ar secundário superior 37224-FIC-5379,5.5 - Sistema de Ar.txt,Manual completo + Vault
37224-FIC-5373,FIC,,Damper de fluxo de ar overfire para queimador de partida 2,5.5 - Sistema de Ar,Operação Normal; Partida,4,Controlador do fluxo de ar do queimador de partida 2 37224-FIC-5373,5.5 - Sistema de Ar.txt,Manual completo + Vault
37224-FIC-5374,FIC,,Damper de fluxo de ar overfire para queimador de partida 4,5.5 - Sistema de Ar,Operação Normal; Partida,4,Controlador do fluxo de ar do queimador de partida 4 37224-FIC-5374,5.5 - Sistema de Ar.txt,Manual completo + Vault
37224-FIC-5376,FIC,,Damper de fluxo de ar overfire para queimador de partida 1,5.5 - Sistema de Ar,Operação Normal; Partida,4,Controlador do fluxo de ar do queimador de partida 1 37224-FIC-5376,5.5 - Sistema de Ar.txt,Manual completo + Vault
37224-FIC-5377,FIC,,Damper de fluxo de ar overfire para queimador de partida 3,5.5 - Sistema de Ar,Operação Normal; Partida,4,Controlador do fluxo de ar do queimador de partida 3 37224-FIC-5377,5.5 - Sistema de Ar.txt,Manual completo + Vault
37221-TIC-5333,TIC,Controladores Indicadores de Temperatura,Temperatura do leito fluidizado (Cálculo / Média),,Operação Normal; Partida,0,* **Cálculo da temperatura do leito (37224-TIC-5333):** média das nove medições mais altas no leito (9 de 12).,03_Partida/Caldeira_Partida_Alimentacao_Combustivel_Solido.md,Vault
37224-XS-6002,XS,Chaves/Status Discretos (sequências),Fluxo do gás de fluidização,,Intertravamentos (SRS); Partida,0,"Neste caso, o ventilador de ar overfire é iniciado e os controles de pressão/fluxo são definidos pelo operador. A combustão do leito fluidizado pode iniciar diretamente se: temperatura do leito > 600 °C, o fluxo do gás de fluidização (**37224-XS-6002**) excede o valor de intertravamento inferior, e demais critérios de proteção da caldeira são atendidos.",03_Partida/Caldeira_Partida_Purga_Fornalha_Ar_Overfire.md,Vault
37225-V-6366,V,Válvulas Manuais / Bloqueio,Válvula manual na linha de vapor SLP,,,0,,,Somente lista oficial (sem contexto)
37225-V-6364,V,Válvulas Manuais / Bloqueio,Válvula manual na linha de vapor SLP,,,0,,,Somente lista oficial (sem contexto)
37225-V-6408,V,Válvulas Manuais / Bloqueio,Válvula manual na linha de condensado,,,0,,,Somente lista oficial (sem contexto)
37225-V-6409,V,Válvulas Manuais / Bloqueio,Válvula manual na linha de condensado,,,0,,,Somente lista oficial (sem contexto)
37225-V-6407,V,Válvulas Manuais / Bloqueio,Válvula de desvio / válvula manual na linha de condensado,,,0,,,Somente lista oficial (sem contexto)
37224-TV-5362,TV,Válvulas de Controle de Temperatura,Válvula de controle de vapor LP / ar overfire,5.5 - Sistema de Ar,Operação Normal; Partida,1,37224-TV-5362. O controlador tem o feedback das medidas da temperatura do ar de queima 37224-,5.5 - Sistema de Ar.txt,Manual completo + Vault
37225-TIC-5362,TIC,Controladores Indicadores de Temperatura,Controle de temperatura do ar overfire,,Operação Normal; Partida,0,"* Quando as linhas estiverem aquecidas, o controle de temperatura do ar overfire **37225-TIC-5362** é definido para modo **REMOTO**.",03_Partida/Caldeira_Partida_Purga_Fornalha_Ar_Overfire.md,Vault
37224-M-5313,M,"Equipamentos Mecânicos (motores, tanques, ventiladores, transportadores...)",Ventilador de ar primário,5.5 - Sistema de Ar,,2,VENTILADOR DE AR PRIMÁRIO 37224-M-5313,5.5 - Sistema de Ar.txt,Manual completo
37224-M-5320,M,"Equipamentos Mecânicos (motores, tanques, ventiladores, transportadores...)",Ventilador de recirculação de gás,5.5 - Sistema de Ar,,4,37224-M-5320,5.5 - Sistema de Ar.txt,Manual completo
37224-HV-5328,HV,Válvulas Manuais Acionadas (ar/motor),Damper de fluxo mínimo de gás de recirculação,5.5 - Sistema de Ar,Partida,1,• O fluxo mínimo para o duto de desvio é controlado pelo damper 37224-HV-5328.,5.5 - Sistema de Ar.txt,Manual completo + Vault
37224-FIC-5329,FIC,,Controlador de fluxo de gás de recirculação,5.5 - Sistema de Ar,Operação Normal; Partida,4,O set point REMOTO do controlador de fluxo da recirculação de gás 37224-FIC-5329.,5.5 - Sistema de Ar.txt,Manual completo + Vault
37225-V-6405,V,Válvulas Manuais / Bloqueio,Válvula manual na linha de condensado,,,0,,,Somente lista oficial (sem contexto)
37225-V-6406,V,Válvulas Manuais / Bloqueio,Válvula manual na linha de condensado,,,0,,,Somente lista oficial (sem contexto)
37225-V-6404,V,Válvulas Manuais / Bloqueio,Válvula manual na linha de condensado,,,0,,,Somente lista oficial (sem contexto)
37224-TV-5320,TV,Válvulas de Controle de Temperatura,Válvula de controle de vapor SLP / ar primário,,Operação Normal; Partida,0,"* Iniciar o pré-aquecedor abrindo a válvula de controle de vapor SLP **37224-TV-5320** em cerca de **15%**. Partida lenta, acompanhando o aquecimento do pré-aquecedor e da tubulação de condensado.",03_Partida/Caldeira_Partida_Ar_Primario.md,Vault
37224-TIC-5320,TIC,Controladores Indicadores de Temperatura,Controle de temperatura de ar primário,5.5 - Sistema de Ar; 5.6 - Sistema de Gases de Combustão,Operação Normal; Partida,3,Controlador de temperatura do ar primário 37224-TIC-5320,5.5 - Sistema de Ar.txt,Manual completo + Vault
37222-XS-5939,XS,Chaves/Status Discretos (sequências),Sequência Queimador de Partida 1,,Partida,0,| Queimador de Partida 1 | 37222-XS-5939 | — | 37222-FIC-5892 | 37224-FIC-5376 |,03_Partida/Caldeira_Partida_Combustivel_Auxiliar_Queimadores.md,Vault
37222-XS-5984,XS,Chaves/Status Discretos (sequências),Sequência Queimador de Partida 2,,Partida,0,| Queimador de Partida 2 | 37222-XS-5984 | 37222-FIC-5886 / 37222-PIC-5884 | NA | 37224-FIC-5373 |,03_Partida/Caldeira_Partida_Combustivel_Auxiliar_Queimadores.md,Vault
37222-XS-6029,XS,Chaves/Status Discretos (sequências),Sequência Queimador de Partida 3,,Partida,0,| Queimador de Partida 3 | 37222-XS-6029 | — | 37222-FIC-5892 | 37224-FIC-5377 |,03_Partida/Caldeira_Partida_Combustivel_Auxiliar_Queimadores.md,Vault
37222-XS-6074,XS,Chaves/Status Discretos (sequências),Sequência Queimador de Partida 4,,Partida,0,| Queimador de Partida 4 | 37222-XS-6074 | — | NA | 37224-FIC-5374 |,03_Partida/Caldeira_Partida_Combustivel_Auxiliar_Queimadores.md,Vault
37222-FIC-5892,FIC,,Controle de fluxo HFO / Diesel para queimadores de partida,5.16 - Sistema de Óleo; 5.5 - Sistema de Ar,Operação Normal; Partida,3,• O fluxo de óleo é controlado pelo medidor do fluxo de óleo 37222-FIC-5892 com a válvula de controle do,5.16 - Sistema de Óleo.txt,Manual completo + Vault
37222-FIC-5886,FIC,,Controle de fluxo de óleo combustível pesado,5.5 - Sistema de Ar,Operação Normal; Partida,4,37222-FIC-5886 dependendo de qual é a maior. O operador pode ajustar a proporção,5.5 - Sistema de Ar.txt,Manual completo + Vault
37222-PIC-5884,PIC,Controladores Indicadores de Pressão,Controle de pressão BPF / HFO,5.16 - Sistema de Óleo,Operação Normal; Partida,1,• A pressão do óleo é controlada pelo medidor da pressão do óleo 37222-PIC-5884 com a válvula de,5.16 - Sistema de Óleo.txt,Manual completo + Vault
37220-XS-6227,XS,Chaves/Status Discretos (sequências),"Proteção principal, desarme dos queimadores",,Intertravamentos (SRS); Partida,0,"O SRS verifica as precondições antes que qualquer queimador de inicialização possa partir; se alguma não estiver em boas condições, **um desarme é acionado**. A precondição é que **""37220-XS-6227 Proteção principal, desarme dos queimadores""** esteja em boas condições.",03_Partida/Caldeira_Partida_Combustivel_Auxiliar_Queimadores.md,Vault
35228-HV-1491,HV,Válvulas Manuais Acionadas (ar/motor),Válvula do nível do tubulão (purga) / válvula motorizada de purga,5.2 - Sistema de Água e Vapor,11_Analise_Riscos; Operação Normal; Partida,1,Válvula de drenagem da caldeira 35228-HV-1491,5.2 - Sistema de Água e Vapor.txt,Manual completo + Vault
35221-M-1101,M,"Equipamentos Mecânicos (motores, tanques, ventiladores, transportadores...)",Tanque de purga,5.4 - Sistema de Vapor LP de Condesando de Ventilação de Purga,,2,BLOW DOWN TANK 35221-M-1101,5.4 - Sistema de Vapor LP de Condesando de Ventilação de Purga.txt,Manual completo
37221-TIC-5092,TIC,Controladores Indicadores de Temperatura,"Controlador de temperatura do vapor antes de SH 2, esquerda",5.2 - Sistema de Água e Vapor,Operação Normal; Partida,2,37221-TIC-5092 (esquerdo) e 37221-TIC-5093 (direito),5.2 - Sistema de Água e Vapor.txt,Manual completo + Vault
37221-TIC-5093,TIC,Controladores Indicadores de Temperatura,"Controlador de temperatura do vapor antes de SH 2, direita",5.2 - Sistema de Água e Vapor,Operação Normal,2,37221-TIC-5092 (esquerdo) e 37221-TIC-5093 (direito),5.2 - Sistema de Água e Vapor.txt,Manual completo + Vault
37221-TIC-5094,TIC,Controladores Indicadores de Temperatura,"Controlador de temperatura do vapor após SH 2, esquerda",5.2 - Sistema de Água e Vapor,Operação Normal,2,37221-TIC-5094 (esquerdo) e 37221-TIC-5095 (direito),5.2 - Sistema de Água e Vapor.txt,Manual completo + Vault
37221-TIC-5095,TIC,Controladores Indicadores de Temperatura,"Controlador de temperatura do vapor após SH 2, direita",5.2 - Sistema de Água e Vapor,Operação Normal,2,37221-TIC-5094 (esquerdo) e 37221-TIC-5095 (direito),5.2 - Sistema de Água e Vapor.txt,Manual completo + Vault
37221-TIC-5096,TIC,Controladores Indicadores de Temperatura,"Controlador de temperatura do vapor antes de SH 3, esquerda",5.2 - Sistema de Água e Vapor,Operação Normal,1,Temperatura do vapor antes do controle do superaquecedor III 37221-TIC-5096 (esquerdo),5.2 - Sistema de Água e Vapor.txt,Manual completo + Vault
37221-TIC-5097,TIC,Controladores Indicadores de Temperatura,"Controlador de temperatura do vapor antes de SH 3, direita",5.2 - Sistema de Água e Vapor,Operação Normal,2,5096 (esquerdo) e 37221-TIC-5097 (direito),5.2 - Sistema de Água e Vapor.txt,Manual completo + Vault
37221-TIC-5098,TIC,Controladores Indicadores de Temperatura,"Controlador de temperatura do vapor antes de SH 2, esquerda (Mestre)",5.2 - Sistema de Água e Vapor,Operação Normal,1,Temperatura do vapor depois do controle do superaquecedor III 37221-TIC-5098,5.2 - Sistema de Água e Vapor.txt,Manual completo + Vault
37221-TIC-5099,TIC,Controladores Indicadores de Temperatura,"Controlador de temperatura do vapor antes de SH 2, direita (Mestre)",5.2 - Sistema de Água e Vapor,Operação Normal,2,5098 (esquerdo) e 37221-TIC-5099 (direito),5.2 - Sistema de Água e Vapor.txt,Manual completo + Vault
37221-PV-5146,PV,Válvulas de Controle de Pressão,Válvula de controle de partida / válvula de partida,,11_Analise_Riscos; Partida,0,* Abrir a tubulação de partida: válvula de desligamento do motor **37221-HV-5145** e válvula de controle de partida **37221-PV-5146** (cerca de **10%**).,03_Partida/Caldeira_Partida_Agua_Vapor_Caldeira.md,Vault
35221-TIC-1494,TIC,Controladores Indicadores de Temperatura,Controlador de temperatura de drenagem do tanque de purga,,Operação Normal; Partida,0,* Verificar se o controlador de temperatura de drenagem do tanque de purga **35221-TIC-1494** está em operação.,03_Partida/Caldeira_Partida_Drenagem_Purga_Amostragem.md,Vault
37221-V-5560,V,Válvulas Manuais / Bloqueio,Válvula do sistema de amostragem de água de resfriamento,,,0,,,Somente lista oficial (sem contexto)
35220-V-1009,V,Válvulas Manuais / Bloqueio,Válvula do sistema de amostragem de água de resfriamento,,,0,,,Somente lista oficial (sem contexto)
37220-XS-6228,XS,Chaves/Status Discretos (sequências),"Proteção principal, desarme para combustível sólido",,Intertravamentos (SRS); Partida,0,"A pré-condição para a partida de combustível sólido no SRS é que **""37220-XS-6228 Proteção principal, desarme para combustível sólido""** esteja em boas condições. Com essa permissão, a sequência de inicialização de alimentação de combustível **37228-XS-5551** (linha 1) e **37228-XS-5555** (linha 2) pode operar.",03_Partida/Caldeira_Partida_Alimentacao_Combustivel_Solido.md,Vault
37228-XS-5551,XS,Chaves/Status Discretos (sequências),Sequência de inicialização de alimentação de combustível (linha 1),,Partida,0,"A pré-condição para a partida de combustível sólido no SRS é que **""37220-XS-6228 Proteção principal, desarme para combustível sólido""** esteja em boas condições. Com essa permissão, a sequência de inicialização de alimentação de combustível **37228-XS-5551** (linha 1) e **37228-XS-5555** (linha 2) pode operar.",03_Partida/Caldeira_Partida_Alimentacao_Combustivel_Solido.md,Vault
37228-XS-5555,XS,Chaves/Status Discretos (sequências),Sequência de inicialização de alimentação de combustível (linha 2),,Partida,0,"A pré-condição para a partida de combustível sólido no SRS é que **""37220-XS-6228 Proteção principal, desarme para combustível sólido""** esteja em boas condições. Com essa permissão, a sequência de inicialização de alimentação de combustível **37228-XS-5551** (linha 1) e **37228-XS-5555** (linha 2) pode operar.",03_Partida/Caldeira_Partida_Alimentacao_Combustivel_Solido.md,Vault
37224-TI-5336,TI,Indicadores de Temperatura,Medição de temperatura do leito Parede dianteira esquerda,5.5 - Sistema de Ar,Partida,1,"médio de nove das maiores medidas de doze medidas da temperatura do leito. 37224-TI-5336,",5.5 - Sistema de Ar.txt,Manual completo + Vault
37224-TI-5337,TI,Indicadores de Temperatura,Medição de temperatura do leito Parede dianteira esquerda média,5.5 - Sistema de Ar,,1,"37224-TI-5337, 37224-TI-5338, 37224-TI-5339, 37224-TI-5340, 37224-TI-5341, 37224-TI-5342,",5.5 - Sistema de Ar.txt,Manual completo
37224-TI-5338,TI,Indicadores de Temperatura,Medição de temperatura do leito Parede dianteira direita média,5.5 - Sistema de Ar,,1,"37224-TI-5337, 37224-TI-5338, 37224-TI-5339, 37224-TI-5340, 37224-TI-5341, 37224-TI-5342,",5.5 - Sistema de Ar.txt,Manual completo
37224-TI-5339,TI,Indicadores de Temperatura,Medição de temperatura do leito Parede dianteira direita,5.5 - Sistema de Ar,,1,"37224-TI-5337, 37224-TI-5338, 37224-TI-5339, 37224-TI-5340, 37224-TI-5341, 37224-TI-5342,",5.5 - Sistema de Ar.txt,Manual completo
37224-TI-5340,TI,Indicadores de Temperatura,Medição de temperatura do leito Média esquerda,5.5 - Sistema de Ar,,1,"37224-TI-5337, 37224-TI-5338, 37224-TI-5339, 37224-TI-5340, 37224-TI-5341, 37224-TI-5342,",5.5 - Sistema de Ar.txt,Manual completo
37224-TI-5341,TI,Indicadores de Temperatura,Medição de temperatura do leito Média esquerda média,5.5 - Sistema de Ar,,1,"37224-TI-5337, 37224-TI-5338, 37224-TI-5339, 37224-TI-5340, 37224-TI-5341, 37224-TI-5342,",5.5 - Sistema de Ar.txt,Manual completo
37224-TI-5342,TI,Indicadores de Temperatura,Medição de temperatura do leito Média direita média,5.5 - Sistema de Ar,,1,"37224-TI-5337, 37224-TI-5338, 37224-TI-5339, 37224-TI-5340, 37224-TI-5341, 37224-TI-5342,",5.5 - Sistema de Ar.txt,Manual completo
37224-TI-5343,TI,Indicadores de Temperatura,Medição de temperatura do leito Média direita,5.5 - Sistema de Ar,,1,"37224-TI-5343, 37224-TI-5344, 37224-TI-5345, 37224-TI-5346, 37224-TI-5347.",5.5 - Sistema de Ar.txt,Manual completo
37224-TI-5344,TI,Indicadores de Temperatura,Medição de temperatura do leito Parede traseira esquerda,5.5 - Sistema de Ar,,1,"37224-TI-5343, 37224-TI-5344, 37224-TI-5345, 37224-TI-5346, 37224-TI-5347.",5.5 - Sistema de Ar.txt,Manual completo
37224-TI-5345,TI,Indicadores de Temperatura,Medição de temperatura do leito Parede traseira esquerda média,5.5 - Sistema de Ar,,1,"37224-TI-5343, 37224-TI-5344, 37224-TI-5345, 37224-TI-5346, 37224-TI-5347.",5.5 - Sistema de Ar.txt,Manual completo
37224-TI-5346,TI,Indicadores de Temperatura,Medição de temperatura do leito Parede traseira direita média,5.5 - Sistema de Ar,,1,"37224-TI-5343, 37224-TI-5344, 37224-TI-5345, 37224-TI-5346, 37224-TI-5347.",5.5 - Sistema de Ar.txt,Manual completo
37224-TI-5347,TI,Indicadores de Temperatura,Medição de temperatura do leito Parede traseira direita,5.5 - Sistema de Ar,Partida,1,"37224-TI-5343, 37224-TI-5344, 37224-TI-5345, 37224-TI-5346, 37224-TI-5347.",5.5 - Sistema de Ar.txt,Manual completo + Vault
37224-XI-5334,XI,Indicadores Discretos/Calculados,Gradiente de temperatura do leito,,Partida,0,"* Ao iniciar a alimentação de combustível sólido, a temperatura do leito **cai cerca de 10-30 °C**. O operador monitora e **desliga a alimentação** se o combustível se acumular sob as calhas ou se a temperatura cair significativamente; após desligar, a temperatura deve subir novamente. O gradiente de temperatura do leito (**37224-XI-5334**) também é monitorado.",03_Partida/Caldeira_Partida_Alimentacao_Combustivel_Solido.md,Vault
37224-AI-5404,AI,Indicadores Analíticos,Medição de teor de oxigênio do gás de combustão 1,5.6 - Sistema de Gases de Combustão,11_Analise_Riscos; Intertravamentos (SRS); Operação Normal; Partida,1,"5406, que é uma das medições 37224-AI-5404, 37224-AI-5405 ou valor médio",5.6 - Sistema de Gases de Combustão.txt,Manual completo + Vault
37224-AI-5405,AI,Indicadores Analíticos,Medição de teor de oxigênio do gás de combustão 2,5.6 - Sistema de Gases de Combustão,Intertravamentos (SRS); Operação Normal; Partida,1,"5406, que é uma das medições 37224-AI-5404, 37224-AI-5405 ou valor médio",5.6 - Sistema de Gases de Combustão.txt,Manual completo + Vault
37228-XC-5579,XC,Comandos Discretos Calculados,Fluxo de combustível sólido (cálculo),5.7 - Sistema de Alimentação de Combustível,Operação Normal; Partida,1,adicionado ao efeito da biomassa calculado anteriormente 37228-XC-5579.,5.7 - Sistema de Alimentação de Combustível.txt,Manual completo + Vault
37224-FIC-5380,FIC,,"Controle de fluxo de ar terciário, parede traseira",5.5 - Sistema de Ar,Operação Normal; Partida,4,Controlador de fluxo da parede traseira do ar terciário 37224-FIC-5380,5.5 - Sistema de Ar.txt,Manual completo + Vault
37224-FIC-5381,FIC,,"Controle de fluxo de ar terciário, parede dianteira",5.5 - Sistema de Ar,Operação Normal; Partida,4,Controlador de fluxo da parede frontal do ar terciário 37224-FIC-5381,5.5 - Sistema de Ar.txt,Manual completo + Vault
37224-AIC-5406,AIC,Controladores Indicadores Analíticos,Controlador de conteúdo de oxigênio do gás de combustão,5.6 - Sistema de Gases de Combustão; 5.7 - Sistema de Alimentação de Combustível,,4,Controlador de O 2 do gás de combustão 37224-AIC-5406,5.6 - Sistema de Gases de Combustão.txt,Manual completo
37223-KJ-5670,KJ,Sequências/Ciclos Lógicos,Sequência de remoção de cinza do fundo,,,0,,,Somente lista oficial (sem contexto)
37225-KJ-5198,KJ,Sequências/Ciclos Lógicos,Sequência de sopragem de fuligem,,,0,,,Somente lista oficial (sem contexto)
37221-V-5565,V,Válvulas Manuais / Bloqueio,Válvula da linha de drenagem de vapor vivo,,,0,,,Somente lista oficial (sem contexto)
37221-V-5567,V,Válvulas Manuais / Bloqueio,Válvula da linha de drenagem de vapor vivo,,,0,,,Somente lista oficial (sem contexto)
37221-V-5569,V,Válvulas Manuais / Bloqueio,Válvula da linha de drenagem de vapor vivo,,,0,,,Somente lista oficial (sem contexto)
37221-V-5571,V,Válvulas Manuais / Bloqueio,Válvula da linha de drenagem de vapor vivo,,,0,,,Somente lista oficial (sem contexto)
37221-V-5573,V,Válvulas Manuais / Bloqueio,Válvula da linha de drenagem de vapor vivo,,,0,,,Somente lista oficial (sem contexto)
37221-V-5575,V,Válvulas Manuais / Bloqueio,Válvula da linha de drenagem de vapor vivo,,,0,,,Somente lista oficial (sem contexto)
37221-V-5483,V,Válvulas Manuais / Bloqueio,Válvula da linha de drenagem de vapor vivo,,,0,,,Somente lista oficial (sem contexto)
37221-V-5484,V,Válvulas Manuais / Bloqueio,Válvula da linha de drenagem de vapor vivo,,,0,,,Somente lista oficial (sem contexto)
37221-HV-5157,HV,Válvulas Manuais Acionadas (ar/motor),Válvula de drenagem automática,,Partida,0,"1. Antes de aquecer a tubulação de vapor vivo, garantir que as válvulas de drenagem estejam **abertas**: **37221-V-5565, 37221-V-5567, 37221-V-5569, 37221-V-5571, 37221-V-5573, 37221-V-5575, 37221-V-5483, 37221-V-5484**. As válvulas de drenagem automática **37221-HV-5157, 37221-HV-5158, 37221-HV-5159, 37221-HV-5152** também devem estar abertas.",03_Partida/Caldeira_Partida_Producao_Vapor_Turbina.md,Vault
37221-HV-5158,HV,Válvulas Manuais Acionadas (ar/motor),Válvula de drenagem automática,,Partida,0,"1. Antes de aquecer a tubulação de vapor vivo, garantir que as válvulas de drenagem estejam **abertas**: **37221-V-5565, 37221-V-5567, 37221-V-5569, 37221-V-5571, 37221-V-5573, 37221-V-5575, 37221-V-5483, 37221-V-5484**. As válvulas de drenagem automática **37221-HV-5157, 37221-HV-5158, 37221-HV-5159, 37221-HV-5152** também devem estar abertas.",03_Partida/Caldeira_Partida_Producao_Vapor_Turbina.md,Vault
37221-HV-5159,HV,Válvulas Manuais Acionadas (ar/motor),Válvula de drenagem automática,,Partida,0,"1. Antes de aquecer a tubulação de vapor vivo, garantir que as válvulas de drenagem estejam **abertas**: **37221-V-5565, 37221-V-5567, 37221-V-5569, 37221-V-5571, 37221-V-5573, 37221-V-5575, 37221-V-5483, 37221-V-5484**. As válvulas de drenagem automática **37221-HV-5157, 37221-HV-5158, 37221-HV-5159, 37221-HV-5152** também devem estar abertas.",03_Partida/Caldeira_Partida_Producao_Vapor_Turbina.md,Vault
37221-HV-5152,HV,Válvulas Manuais Acionadas (ar/motor),Válvula de drenagem automática,,Partida,0,"1. Antes de aquecer a tubulação de vapor vivo, garantir que as válvulas de drenagem estejam **abertas**: **37221-V-5565, 37221-V-5567, 37221-V-5569, 37221-V-5571, 37221-V-5573, 37221-V-5575, 37221-V-5483, 37221-V-5484**. As válvulas de drenagem automática **37221-HV-5157, 37221-HV-5158, 37221-HV-5159, 37221-HV-5152** também devem estar abertas.",03_Partida/Caldeira_Partida_Producao_Vapor_Turbina.md,Vault
37221-HV-5049,HV,Válvulas Manuais Acionadas (ar/motor),Válvula de desvio de vapor principal,,Partida,0,"3. Quando a pressão da caldeira começar a subir, abrir lentamente a válvula de desvio de vapor principal **37221-HV-5049**, monitorando pressão e temperatura da tubulação principal.",03_Partida/Caldeira_Partida_Producao_Vapor_Turbina.md,Vault
37221-HV-5048,HV,Válvulas Manuais Acionadas (ar/motor),Válvula de vapor principal,,Partida,0,5. Quando a diferença de temperatura em relação à válvula de vapor principal **37221-HV-5048** for **< 50 °C** e a diferença de pressão **< 5 bar**: abrir a válvula muito lentamente — **0% → 5% → 10%** aberto — monitorando a medição **37221-TI-5153** e verificando em campo.,03_Partida/Caldeira_Partida_Producao_Vapor_Turbina.md,Vault
37221-TI-5153,TI,Indicadores de Temperatura,Medição de aquecimento e pressurização do duto de vapor principal,,Partida,0,5. Quando a diferença de temperatura em relação à válvula de vapor principal **37221-HV-5048** for **< 50 °C** e a diferença de pressão **< 5 bar**: abrir a válvula muito lentamente — **0% → 5% → 10%** aberto — monitorando a medição **37221-TI-5153** e verificando em campo.,03_Partida/Caldeira_Partida_Producao_Vapor_Turbina.md,Vault
37221-HV-5154,HV,Válvulas Manuais Acionadas (ar/motor),Segunda válvula de vapor principal,,Partida,0,9. Quando a diferença de temperatura em relação à segunda válvula principal **37221-HV-5154** for **< 50 °C** e a diferença de pressão **< 5 bar**: abrir muito lentamente — **0% → 5% → 10%** — monitorando aquecimento/pressurização e verificando em campo.,03_Partida/Caldeira_Partida_Producao_Vapor_Turbina.md,Vault
37221-HV-5155,HV,Válvulas Manuais Acionadas (ar/motor),Válvula de desvio da segunda válvula de vapor principal,,Partida,0,"10. Após equalização, abrir completamente a segunda válvula de vapor principal **37221-HV-5154** e fechar a válvula de desvio **37221-HV-5155**.",03_Partida/Caldeira_Partida_Producao_Vapor_Turbina.md,Vault
37220-PI-6125,PI,Indicadores de Pressão,Monitoramento da pressão do ar do instrumento,,Operação Normal,0,"* Pressão do ar de instrumento monitorada em SRS: **37220-PI-6125, 37220-PI-6126, 37220-PI-6127**.",04_Operacao_Normal/Caldeira_Operacao_Ar_Instrumento_Agua_Alimentacao.md,Vault
37220-PI-6126,PI,Indicadores de Pressão,Monitoramento da pressão do ar do instrumento,,Operação Normal,0,"* Pressão do ar de instrumento monitorada em SRS: **37220-PI-6125, 37220-PI-6126, 37220-PI-6127**.",04_Operacao_Normal/Caldeira_Operacao_Ar_Instrumento_Agua_Alimentacao.md,Vault
37220-PI-6127,PI,Indicadores de Pressão,Monitoramento da pressão do ar do instrumento,,Operação Normal,0,"* Pressão do ar de instrumento monitorada em SRS: **37220-PI-6125, 37220-PI-6126, 37220-PI-6127**.",04_Operacao_Normal/Caldeira_Operacao_Ar_Instrumento_Agua_Alimentacao.md,Vault
37220-PI-6129,PI,Indicadores de Pressão,Pressão de ar comprimido,,Operação Normal,0,* Pressão de ar comprimido: **37220-PI-6129**.,04_Operacao_Normal/Caldeira_Operacao_Ar_Instrumento_Agua_Alimentacao.md,Vault
37221-PIC-5018,PIC,Controladores Indicadores de Pressão,Controle de pressão da água de alimentação,5.2 - Sistema de Água e Vapor,Operação Normal,1,Pressão da água de alimentação 37221-PIC-5018,5.2 - Sistema de Água e Vapor.txt,Manual completo + Vault
37221-HC-5125,HC,,Controle da posição da válvula de pulverização de água,,,0,,,Somente lista oficial (sem contexto)
37221-LV-5002,LV,Válvulas de Controle de Nível,Válvula do nível do pré-aquecedor de água de alimentação,,Operação Normal,0,| **37221-LIC-5002** | Nível do pré-aquecedor de água de alimentação | A (interno) | — | Válvula 37221-LV-5002 | — |,04_Operacao_Normal/Caldeira_Operacao_Ar_Instrumento_Agua_Alimentacao.md,Vault
37221-LIC-5002,LIC,Controladores Indicadores de Nível,Controlador do nível do pré-aquecedor de água de alimentação,,Operação Normal,0,| **37221-LIC-5002** | Nível do pré-aquecedor de água de alimentação | A (interno) | — | Válvula 37221-LV-5002 | — |,04_Operacao_Normal/Caldeira_Operacao_Ar_Instrumento_Agua_Alimentacao.md,Vault
37221-LIC-5071,LIC,Controladores Indicadores de Nível,Controle de nível do tubulão,,Operação Normal; Partida,0,"Quando o controle de fluxo de água de alimentação **37221-FIC-5015** estiver em operação, o controlador de nível do tubulão **37221-LIC-5071** também está normalmente em operação (o controle de 3 pontos do nível do tubulão também pode ser usado durante a partida).",03_Partida/Caldeira_Partida_Agua_Vapor_Caldeira.md,Vault
37221-TV-5092,TV,Válvulas de Controle de Temperatura,"Válvula do controlador de temperatura do vapor antes de SH 2, esquerda",,Operação Normal,0,"| **37221-TIC-5092** | Temp. do vapor antes de SH2, esquerda | R (externo) | Saída escalonada de 37221-TIC-5094 | Válvula 37221-TV-5092 | — |",04_Operacao_Normal/Caldeira_Operacao_Agua_Vapor_Loops_Controle.md,Vault
37221-TV-5093,TV,Válvulas de Controle de Temperatura,"Válvula do controlador de temperatura do vapor antes de SH 2, direita",,Operação Normal,0,"| **37221-TIC-5093** | Temp. do vapor antes de SH2, direita | R (externo) | Saída escalonada de 37221-TIC-5095 | Válvula 37221-TV-5093 | — |",04_Operacao_Normal/Caldeira_Operacao_Agua_Vapor_Loops_Controle.md,Vault
37221-TV-5096,TV,Válvulas de Controle de Temperatura,"Válvula do controlador de temperatura do vapor antes de SH 3, esquerda",,Operação Normal,0,"| **37221-TIC-5096** | Temp. do vapor antes de SH3, esquerda | R (externo) | Saída escalonada de 37221-TIC-5098 | Válvula 37221-TV-5096 | — |",04_Operacao_Normal/Caldeira_Operacao_Agua_Vapor_Loops_Controle.md,Vault
37221-TV-5097,TV,Válvulas de Controle de Temperatura,"Válvula do controlador de temperatura do vapor antes de SH 3, direita",,Operação Normal,0,"| **37221-TIC-5097** | Temp. do vapor antes de SH3, direita | R (externo) | Saída escalonada de 37221-TIC-5098 | Válvula 37221-TV-5097 | — |",04_Operacao_Normal/Caldeira_Operacao_Agua_Vapor_Loops_Controle.md,Vault
37221-FIC-5160,FIC,,"Controle de carga, combustível sólido",,Operação Normal,0,"| **37221-FIC-5160** | Controle de carga, combustível sólido | A (interno) | 18,3-67,2 kg/s | Corrige o controle de alimentação de combustível sólido | Modo A/R se a turbina estiver em controle de pressão frontal |",04_Operacao_Normal/Caldeira_Operacao_Agua_Vapor_Loops_Controle.md,Vault
37221-PIC-5136,PIC,Controladores Indicadores de Pressão,"Controle de pressão de vapor principal, combustível sólido",5.2 - Sistema de Água e Vapor; 5.7 - Sistema de Alimentação de Combustível,Operação Normal,2,"Controle da pressão do vapor principal, biomassa 37221-PIC-5136",5.2 - Sistema de Água e Vapor.txt,Manual completo + Vault
37221-PIC-5147,PIC,Controladores Indicadores de Pressão,Controle de pressão máxima do vapor,5.2 - Sistema de Água e Vapor,Operação Normal,4,• Controle da máxima pressão de vapor 37221-PIC-5147,5.2 - Sistema de Água e Vapor.txt,Manual completo + Vault
37221-HV-5145,HV,Válvulas Manuais Acionadas (ar/motor),Válvula de controle de pressão máxima (motor),5.2 - Sistema de Água e Vapor,Operação Normal; Partida,1,Válvula de bloqueio da linha de partida 37221-HV-5145,5.2 - Sistema de Água e Vapor.txt,Manual completo + Vault
37221-FIC-5339,FIC,,Controle de carga mínima da caldeira,5.2 - Sistema de Água e Vapor,Operação Normal,2,• Controle do fluxo mínimo da caldeira 37221-FIC-5339,5.2 - Sistema de Água e Vapor.txt,Manual completo + Vault
35228-HV-1499,HV,Válvulas Manuais Acionadas (ar/motor),Válvula de purga contínua,,Operação Normal,0,"* Ajustar a abertura da válvula de purga contínua **35228-HV-1499**. Normalmente, o **fluxo contínuo de purga é 1% do fluxo de vapor da caldeira**; a vazão adequada depende da qualidade da água de alimentação, ajustada conforme análises de água e experiência operacional.",04_Operacao_Normal/Caldeira_Operacao_Agua_Vapor_Monitoramento_Seguranca.md,Vault
37227-PIC-5172,PIC,Controladores Indicadores de Pressão,Controle de pressão dos sopradores de fuligem,5.3 - Sistema de Sopradores de Fuligem,Operação Normal,3,    O controle de pressão do vapor da sopragem de fuligem 37227-PIC-5172 vai para o modo,5.3 - Sistema de Sopradores de Fuligem.txt,Manual completo + Vault
37227-PV-5172,PV,Válvulas de Controle de Pressão,Válvula dos sopradores de fuligem,5.3 - Sistema de Sopradores de Fuligem,Operação Normal,1,válvula de controle 37227-PV-5172.,5.3 - Sistema de Sopradores de Fuligem.txt,Manual completo + Vault
35228-TV-1494,TV,Válvulas de Controle de Temperatura,Válvula de temperatura de drenagem,5.4 - Sistema de Vapor LP de Condesando de Ventilação de Purga,Operação Normal,1,purgado com a válvula de controle 35228-TV-1494.,5.4 - Sistema de Vapor LP de Condesando de Ventilação de Purga.txt,Manual completo + Vault
37224-FV-5376,FV,Válvulas de Controle de Vazão,Damper do fluxo de ar overfire para queimador 1,5.5 - Sistema de Ar,Operação Normal,1,output (0...100 %) controla a abertura do damper 37224-FV-5376. O controlador tem o feedback das,5.5 - Sistema de Ar.txt,Manual completo + Vault
37224-FV-5373,FV,Válvulas de Controle de Vazão,Damper do fluxo de ar overfire para queimador 2,5.16 - Sistema de Óleo; 5.5 - Sistema de Ar,Operação Normal,3,Controle do damper de ar 37224-FV-5373/5374/5376/5377,5.16 - Sistema de Óleo.txt,Manual completo + Vault
37224-FV-5377,FV,Válvulas de Controle de Vazão,Damper do fluxo de ar overfire para queimador 3,5.16 - Sistema de Óleo; 5.5 - Sistema de Ar,Operação Normal,2,"FV-5376, 37224-FV-5377) é levado para a posição de ignição. Quando o queimador está operando, o",5.16 - Sistema de Óleo.txt,Manual completo + Vault
37224-FV-5374,FV,Válvulas de Controle de Vazão,Damper do fluxo de ar overfire para queimador 4,5.16 - Sistema de Óleo; 5.5 - Sistema de Ar,Operação Normal,2,"• Durante a partida do queimador, o damper de controle do ar (37224-FV-5373, 37224-FV-5374, 37224-",5.16 - Sistema de Óleo.txt,Manual completo + Vault
37224-FV-5372,FV,Válvulas de Controle de Vazão,Damper do fluxo de ar overfire / ar secundário inferior dianteiro,5.5 - Sistema de Ar,Operação Normal,1,5372. Seu output (0...100 %) controla a abertura do damper 37224-FV-5372. O controlador tem o,5.5 - Sistema de Ar.txt,Manual completo + Vault
37224-FV-5375,FV,Válvulas de Controle de Vazão,Damper do fluxo de ar overfire / ar secundário inferior traseiro,5.5 - Sistema de Ar,Operação Normal,1,5375. Seu output (0...100 %) controla a abertura do damper 37224-FV-5375. O controlador tem o,5.5 - Sistema de Ar.txt,Manual completo + Vault
37224-FV-5379,FV,Válvulas de Controle de Vazão,Damper do fluxo de ar overfire / ar secundário superior dianteiro,5.5 - Sistema de Ar,Operação Normal,1,5379. Seu output (0...100 %) controla a abertura do damper 37224-FV-5379. O controlador tem o,5.5 - Sistema de Ar.txt,Manual completo + Vault
37224-FV-5378,FV,Válvulas de Controle de Vazão,Damper do fluxo de ar overfire / ar secundário superior traseiro,5.5 - Sistema de Ar,Operação Normal,1,5378. Seu output (0...100 %) controla a abertura do damper 37224-FV-5378. O controlador tem o,5.5 - Sistema de Ar.txt,Manual completo + Vault
37224-FV-5381,FV,Válvulas de Controle de Vazão,Damper do fluxo de ar overfire / ar terciário dianteiro,5.5 - Sistema de Ar,Operação Normal,1,output (0...100 %) controla a abertura do damper 37224-FV-5381. O controlador tem o feedback da,5.5 - Sistema de Ar.txt,Manual completo + Vault
37224-FV-5380,FV,Válvulas de Controle de Vazão,Damper do fluxo de ar overfire / ar terciário traseiro,5.5 - Sistema de Ar,Operação Normal,1,output (0...100 %) controla a abertura do damper 37224-FV-5380. O controlador tem o feedback da,5.5 - Sistema de Ar.txt,Manual completo + Vault
37224-FV-5329,FV,Válvulas de Controle de Vazão,Damper de controle do fluxo de gás de recirculação,5.5 - Sistema de Ar,Operação Normal,2,(0...100 %) controla a posição do damper 37224-FV-5329. O controlador tem o feedback das,5.5 - Sistema de Ar.txt,Manual completo + Vault
37224-PDIC-5330,PDIC,Controladores Indicadores de Pressão Diferencial,Controle dP sobre damper de gás de recirculação,5.5 - Sistema de Ar,,2,Controle da diferença de pressão no damper do gás de recirculação 37224-PDIC-5330,5.5 - Sistema de Ar.txt,Manual completo
37224-PIC-5420,PIC,Controladores Indicadores de Pressão,Controle de pressão do gás de combustão antes do ventilador,5.6 - Sistema de Gases de Combustão; 5.7 - Sistema de Alimentação de Combustível,Operação Normal,3,Controle de pressão do gás de combustão antes do ventilador 37224-PIC-5420,5.6 - Sistema de Gases de Combustão.txt,Manual completo + Vault
37224-TIC-5415,TIC,Controladores Indicadores de Temperatura,Controle da temperatura da saída de gás de combustão,5.5 - Sistema de Ar; 5.6 - Sistema de Gases de Combustão,Operação Normal,3,temperatura da saída do gás de combustão 37224-TIC-5415 ou do output do controle da,5.5 - Sistema de Ar.txt,Manual completo + Vault
37224-XC-5432,XC,Comandos Discretos Calculados,Teor de oxigênio do gás de combustão para combustível sólido,5.6 - Sistema de Gases de Combustão; 5.7 - Sistema de Alimentação de Combustível,Operação Normal,4,Controlador de O 2 de gás de combustão para biomassa 37224-XC-5432,5.6 - Sistema de Gases de Combustão.txt,Manual completo + Vault
37228-LIC-5457,LIC,Controladores Indicadores de Nível,Controle da capacidade do silo de combustível,,,0,,,Somente lista oficial (sem contexto)
37228-LIC-5471,LIC,Controladores Indicadores de Nível,Controle de nível da caixa de balanceamento 1,5.7 - Sistema de Alimentação de Combustível,Desligamento; Operação Normal,3,Controle do nível do Mini Silo 1 37228-LIC-5471 / Controle do nível do Mini Silo 3 37228-,5.7 - Sistema de Alimentação de Combustível.txt,Manual completo + Vault
37228-LIC-5529,LIC,Controladores Indicadores de Nível,Controle de nível da caixa de balanceamento 2,5.7 - Sistema de Alimentação de Combustível,Desligamento; Operação Normal,2,Controle do nível do Mini Silo 2 37228-LIC-5529,5.7 - Sistema de Alimentação de Combustível.txt,Manual completo + Vault
37228-M-5659,M,"Equipamentos Mecânicos (motores, tanques, ventiladores, transportadores...)","Transportador de arraste, combustível fragmentado 1",5.7 - Sistema de Alimentação de Combustível,,4,37228-M-5659 e 37228-M-5660,5.7 - Sistema de Alimentação de Combustível.txt,Manual completo
37228-M-5660,M,"Equipamentos Mecânicos (motores, tanques, ventiladores, transportadores...)","Transportador de arraste, combustível fragmentado 2",5.7 - Sistema de Alimentação de Combustível,,2,37228-M-5659 e 37228-M-5660,5.7 - Sistema de Alimentação de Combustível.txt,Manual completo
37228-SIC-5472,SIC,Controladores Indicadores de Velocidade,Taxa de velocidade da rosca principal do silo 1,,Operação Normal,0,"| Taxa de velocidade da rosca principal do silo 1 | Correlação (**0,7…1,5**) para rosca recuperadora de silo 1 — tag **37228-SIC-5472** |",04_Operacao_Normal/Caldeira_Operacao_Combustivel_Solido_Loops_Configuracoes.md,Vault
37228-SIC-5470,SIC,Controladores Indicadores de Velocidade,Taxa de velocidade do transportador de combustível 1,,Operação Normal,0,"| Taxa de velocidade do transportador de combustível 1 | Correlação (**1,0…1,3**) — tag **37228-SIC-5470** |",04_Operacao_Normal/Caldeira_Operacao_Combustivel_Solido_Loops_Configuracoes.md,Vault
37228-SIC-5523,SIC,Controladores Indicadores de Velocidade,Taxa de velocidade da rosca principal do silo 2,,Operação Normal,0,"| Taxa de velocidade da rosca principal do silo 2 | Correlação (**0,7…1,5**) para rosca recuperadora de silo 2 — tag **37228-SIC-5523** |",04_Operacao_Normal/Caldeira_Operacao_Combustivel_Solido_Loops_Configuracoes.md,Vault
37228-SIC-5528,SIC,Controladores Indicadores de Velocidade,Taxa de velocidade do transportador de combustível 2,,Operação Normal,0,"| Taxa de velocidade do transportador de combustível 2 | Correlação (**1,0…1,3**) — tag **37228-SIC-5528** |",04_Operacao_Normal/Caldeira_Operacao_Combustivel_Solido_Loops_Configuracoes.md,Vault
37228-SIC-5480,SIC,Controladores Indicadores de Velocidade,Correlação de velocidade da rosca de alimentação 1,5.7 - Sistema de Alimentação de Combustível,Operação Normal,1,"SIC-5476, 37228-SIC-5480, 37228-SIC-5482, 37228-SIC-5533, 37228-SIC-5538 e 37228-SIC-",5.7 - Sistema de Alimentação de Combustível.txt,Manual completo + Vault
37228-SIC-5482,SIC,Controladores Indicadores de Velocidade,Correlação de velocidade da rosca de alimentação 2,5.7 - Sistema de Alimentação de Combustível,Operação Normal,1,"SIC-5476, 37228-SIC-5480, 37228-SIC-5482, 37228-SIC-5533, 37228-SIC-5538 e 37228-SIC-",5.7 - Sistema de Alimentação de Combustível.txt,Manual completo + Vault
37228-SIC-5476,SIC,Controladores Indicadores de Velocidade,Correlação de velocidade da rosca de alimentação 3,,Operação Normal,0,"| Correlação de velocidade da rosca de alimentação 3 | **0,8…1,2** — tag **37228-SIC-5476** |",04_Operacao_Normal/Caldeira_Operacao_Combustivel_Solido_Loops_Configuracoes.md,Vault
37228-SIC-5438,SIC,Controladores Indicadores de Velocidade,Correlação de velocidade da rosca de alimentação 4,,Operação Normal,0,"| Correlação de velocidade da rosca de alimentação 4 | **0,8…1,2** — tag **37228-SIC-5438** |",04_Operacao_Normal/Caldeira_Operacao_Combustivel_Solido_Loops_Configuracoes.md,Vault
37228-SIC-5540,SIC,Controladores Indicadores de Velocidade,Correlação de velocidade da rosca de alimentação 5,,Operação Normal,0,"| Correlação de velocidade da rosca de alimentação 5 | **0,8…1,2** — tag **37228-SIC-5540** |",04_Operacao_Normal/Caldeira_Operacao_Combustivel_Solido_Loops_Configuracoes.md,Vault
37228-SIC-5533,SIC,Controladores Indicadores de Velocidade,Correlação de velocidade da rosca de alimentação 6,5.7 - Sistema de Alimentação de Combustível,Operação Normal,1,"SIC-5476, 37228-SIC-5480, 37228-SIC-5482, 37228-SIC-5533, 37228-SIC-5538 e 37228-SIC-",5.7 - Sistema de Alimentação de Combustível.txt,Manual completo + Vault
37228-XS-5552,XS,Chaves/Status Discretos (sequências),Sequência de desligamento de alimentação de combustível 1,,Desligamento,0,## Desligamento: Sistema de Combustível Sólido — Sequências de Parada (37228-XS-5552 / 37228-XS-5556),05_Desligamento/Caldeira_Desligamento_Combustivel_Solido_Sequencias.md,Vault
37228-XS-5556,XS,Chaves/Status Discretos (sequências),Sequência de desligamento de alimentação de combustível 2,,Desligamento,0,## Desligamento: Sistema de Combustível Sólido — Sequências de Parada (37228-XS-5552 / 37228-XS-5556),05_Desligamento/Caldeira_Desligamento_Combustivel_Solido_Sequencias.md,Vault
37228-M-5669,M,"Equipamentos Mecânicos (motores, tanques, ventiladores, transportadores...)",Válvula rotativa 1,5.7 - Sistema de Alimentação de Combustível,,1,"VÁLVULAS ROTATIVAS 37228-M-5669, 37228-M-5670, 37228-M-5671,",5.7 - Sistema de Alimentação de Combustível.txt,Manual completo
37228-M-5671,M,"Equipamentos Mecânicos (motores, tanques, ventiladores, transportadores...)",Válvula rotativa 2,5.7 - Sistema de Alimentação de Combustível,,1,"VÁLVULAS ROTATIVAS 37228-M-5669, 37228-M-5670, 37228-M-5671,",5.7 - Sistema de Alimentação de Combustível.txt,Manual completo
37228-M-5673,M,"Equipamentos Mecânicos (motores, tanques, ventiladores, transportadores...)",Válvula rotativa 3,,,0,,,Somente lista oficial (sem contexto)
37228-M-5670,M,"Equipamentos Mecânicos (motores, tanques, ventiladores, transportadores...)",Válvula rotativa 4,5.7 - Sistema de Alimentação de Combustível,,1,"VÁLVULAS ROTATIVAS 37228-M-5669, 37228-M-5670, 37228-M-5671,",5.7 - Sistema de Alimentação de Combustível.txt,Manual completo
37228-M-5672,M,"Equipamentos Mecânicos (motores, tanques, ventiladores, transportadores...)",Válvula rotativa 5,5.7 - Sistema de Alimentação de Combustível,,1,"37228-M-5672, 37228- M-5673, 37228-M-5674",5.7 - Sistema de Alimentação de Combustível.txt,Manual completo
37228-M-5674,M,"Equipamentos Mecânicos (motores, tanques, ventiladores, transportadores...)",Válvula rotativa 6,5.7 - Sistema de Alimentação de Combustível,,1,"37228-M-5672, 37228- M-5673, 37228-M-5674",5.7 - Sistema de Alimentação de Combustível.txt,Manual completo
37229-M-5772,M,"Equipamentos Mecânicos (motores, tanques, ventiladores, transportadores...)",Rosca de alimentação do material do leito,5.8 - Sistema de Alimentação de Material do Leito,,3,Rosca de alimentação DE AREIA 37229-M-5772,5.8 - Sistema de Alimentação de Material do Leito.txt,Manual completo
37228-M-5657-M1,M,"Equipamentos Mecânicos (motores, tanques, ventiladores, transportadores...)",Rosca principal do silo 1,,,0,,,Somente lista oficial (sem contexto)
37228-M-5657-M2/M3,M,"Equipamentos Mecânicos (motores, tanques, ventiladores, transportadores...)",Acionamentos da máquina giratórios do silo 1,,,0,,,Somente lista oficial (sem contexto)
37228-M-5658-M1,M,"Equipamentos Mecânicos (motores, tanques, ventiladores, transportadores...)",Rosca principal do silo 2,,,0,,,Somente lista oficial (sem contexto)
37228-M-5658-M2/M3,M,"Equipamentos Mecânicos (motores, tanques, ventiladores, transportadores...)",Acionamentos da máquina giratórios do silo 2,,,0,,,Somente lista oficial (sem contexto)
37228-M-5665,M,"Equipamentos Mecânicos (motores, tanques, ventiladores, transportadores...)",Rosca de alimentação de combustível 1,5.7 - Sistema de Alimentação de Combustível,,1,"TRANSPORTADORES DA CAIXA DE DIVISÃO 37228-M-5665, 37228-M-5666, 37228-",5.7 - Sistema de Alimentação de Combustível.txt,Manual completo
37228-M-5667,M,"Equipamentos Mecânicos (motores, tanques, ventiladores, transportadores...)",Rosca de alimentação de combustível 2,,,0,,,Somente lista oficial (sem contexto)
37228-M-5661,M,"Equipamentos Mecânicos (motores, tanques, ventiladores, transportadores...)",Rosca de alimentação de combustível 3,5.7 - Sistema de Alimentação de Combustível,,1,TRANSPORTADORES TIPO ROBBING 37228-M-5661 e 37228-M-5662,5.7 - Sistema de Alimentação de Combustível.txt,Manual completo
37228-M-5666,M,"Equipamentos Mecânicos (motores, tanques, ventiladores, transportadores...)",Rosca de alimentação de combustível 4,5.7 - Sistema de Alimentação de Combustível,,1,"TRANSPORTADORES DA CAIXA DE DIVISÃO 37228-M-5665, 37228-M-5666, 37228-",5.7 - Sistema de Alimentação de Combustível.txt,Manual completo
37228-M-5668,M,"Equipamentos Mecânicos (motores, tanques, ventiladores, transportadores...)",Rosca de alimentação de combustível 5,,,0,,,Somente lista oficial (sem contexto)
37228-M-5662,M,"Equipamentos Mecânicos (motores, tanques, ventiladores, transportadores...)",Rosca de alimentação de combustível 6,5.7 - Sistema de Alimentação de Combustível,,1,TRANSPORTADORES TIPO ROBBING 37228-M-5661 e 37228-M-5662,5.7 - Sistema de Alimentação de Combustível.txt,Manual completo
37223-M-5194,M,"Equipamentos Mecânicos (motores, tanques, ventiladores, transportadores...)",Transportador de arraste de cinza do fundo,5.9 - Sistema de Manuseio de Cinza de Fundo,,4,"TRANSPORTADOR DE CORRENTE, CINZAS 37223-M-5194",5.9 - Sistema de Manuseio de Cinza de Fundo.txt,Manual completo
37222-FV-5885,FV,Válvulas de Controle de Vazão,Válvula de fluxo de óleo combustível pesado,5.16 - Sistema de Óleo,Operação Normal,3,Controle do fluxo de óleo 37222-FV-5885,5.16 - Sistema de Óleo.txt,Manual completo + Vault
37222-PV-5884,PV,Válvulas de Controle de Pressão,Válvula de pressão BPF,5.16 - Sistema de Óleo,Operação Normal,3,• A válvula de controle do óleo 37222-PV-5884 é ajustada para a posição de ignição.,5.16 - Sistema de Óleo.txt,Manual completo + Vault
37222-PIC-5877,PIC,Controladores Indicadores de Pressão,Vapor MP para atomização de BPF,,Operação Normal,0,| **37222-PIC-5877** | Vapor MP para atomização de BPF | A (interno) | Válvula 37222-PV-5877 |,04_Operacao_Normal/Caldeira_Operacao_Combustivel_Auxiliar_Controle_Queimador.md,Vault
37222-PV-5877,PV,Válvulas de Controle de Pressão,Válvula de vapor MP,5.4 - Sistema de Vapor LP de Condesando de Ventilação de Purga,Operação Normal,1,válvula de controle 37222-PV-5877.,5.4 - Sistema de Vapor LP de Condesando de Ventilação de Purga.txt,Manual completo + Vault
37224-LI-5335,LI,Indicadores de Nível (calculados),Cálculo da altura do leito,,Operação Normal,0,* **Altura do leito (37224-LI-5335):** calculada no DCS pela diferença de pressão entre o leito e a fornalha. **Recomendada em condições estáticas: 40-60 cm** acima do bocal de ar de fluidização. Baixa → adicionar material do leito; muito alta → remover via sequência de cinza do fundo.,04_Operacao_Normal/Caldeira_Operacao_Leito_Fluidizado_Uma_Linha_Monitoramento_Troubleshooting.md,Vault
37225-P-5050,P,Bombas,Bomba de condensado,,,0,,,Somente lista oficial (sem contexto)
37227-M-5531 a 37227-M-5554,M,"Equipamentos Mecânicos (motores, tanques, ventiladores, transportadores...)",Soprador de fuligem totalmente retrátil,,,0,,,Somente lista oficial (sem contexto)
37227-M-5555 a 37227-M-5572,M,"Equipamentos Mecânicos (motores, tanques, ventiladores, transportadores...)",Soprador de fuligem parcialmente retrátil,,,0,,,Somente lista oficial (sem contexto)
37227-V-6709,V,Válvulas Manuais / Bloqueio,Válvula de segurança (Sopragem de fuligem),5.3 - Sistema de Sopradores de Fuligem,,1,VÁLVULA DE SEGURANÇA 37227-V-6709,5.3 - Sistema de Sopradores de Fuligem.txt,Manual completo
37227-HV-5174,HV,Válvulas Manuais Acionadas (ar/motor),Válvula de drenagem da linha 1 do vapor da sopragem de fuligem,5.3 - Sistema de Sopradores de Fuligem,,4,Válvula de drenagem da linha 1 do vapor da sopragem de fuligem 37227-HV-5174,5.3 - Sistema de Sopradores de Fuligem.txt,Manual completo
37227-HV-5176,HV,Válvulas Manuais Acionadas (ar/motor),Válvula de drenagem da linha 2 do vapor da sopragem de fuligem,5.3 - Sistema de Sopradores de Fuligem,,4,Válvula de drenagem da linha 2 do vapor da sopragem de fuligem 37227-HV-5176,5.3 - Sistema de Sopradores de Fuligem.txt,Manual completo
37227-HV-5178,HV,Válvulas Manuais Acionadas (ar/motor),Válvula de drenagem da linha 3 do vapor da sopragem de fuligem,5.3 - Sistema de Sopradores de Fuligem,,4,Válvula de drenagem da linha 3 do vapor da sopragem de fuligem 37227-HV-5178,5.3 - Sistema de Sopradores de Fuligem.txt,Manual completo
37227-HV-5170,HV,Válvulas Manuais Acionadas (ar/motor),Válvula de bloqueio do vapor da sopragem de fuligem,5.3 - Sistema de Sopradores de Fuligem,,2,    Válvula de bloqueio do vapor da sopragem de fuligem 37227-HV-5170 vai para o modo AUTO e,5.3 - Sistema de Sopradores de Fuligem.txt,Manual completo
37227-TI-5173,TI,Indicadores de Temperatura,Medição de temperatura do vapor de sopragem de fuligem,5.3 - Sistema de Sopradores de Fuligem,,1,o Temperatura do vapor 37227-TI-5173 > LL,5.3 - Sistema de Sopradores de Fuligem.txt,Manual completo
37227-TI-5175,TI,Indicadores de Temperatura,Medição de temperatura da linha de drenagem 1,5.3 - Sistema de Sopradores de Fuligem,,1,quando a temperatura 37227-TI-5175 estiver,5.3 - Sistema de Sopradores de Fuligem.txt,Manual completo
37227-TI-5177,TI,Indicadores de Temperatura,Medição de temperatura da linha de drenagem 2,5.3 - Sistema de Sopradores de Fuligem,,1,quando a temperatura 37227-TI-5177 estiver,5.3 - Sistema de Sopradores de Fuligem.txt,Manual completo
37227-TI-5179,TI,Indicadores de Temperatura,Medição de temperatura da linha de drenagem 3,5.3 - Sistema de Sopradores de Fuligem,,1,quando a temperatura 37227-TI-5179 estiver,5.3 - Sistema de Sopradores de Fuligem.txt,Manual completo
35221-M-1102,M,"Equipamentos Mecânicos (motores, tanques, ventiladores, transportadores...)",Blow Down Tank (Tanque de Purga 2),5.4 - Sistema de Vapor LP de Condesando de Ventilação de Purga,,1,BLOW DOWN TANK 35221-M-1102,5.4 - Sistema de Vapor LP de Condesando de Ventilação de Purga.txt,Manual completo
37225-M-5383,M,"Equipamentos Mecânicos (motores, tanques, ventiladores, transportadores...)",Tanque do condensado,5.4 - Sistema de Vapor LP de Condesando de Ventilação de Purga,,1,TANQUE DO CONDENSADO 37225-M-5383,5.4 - Sistema de Vapor LP de Condesando de Ventilação de Purga.txt,Manual completo
37225-LIC-6090,LIC,Controladores Indicadores de Nível,Controle do nível do tanque de condensado,5.4 - Sistema de Vapor LP de Condesando de Ventilação de Purga,,1,Controle do nível do tanque de condensado 37225-LIC-6090                                                                            Controle do nível do,5.4 - Sistema de Vapor LP de Condesando de Ventilação de Purga.txt,Manual completo
37225-LV-6090,LV,Válvulas de Controle de Nível,Válvula de controle do blow down tank,5.4 - Sistema de Vapor LP de Condesando de Ventilação de Purga,,1,37225-LV-6090 do blow down tank.,5.4 - Sistema de Vapor LP de Condesando de Ventilação de Purga.txt,Manual completo
37225-HV-6094,HV,Válvulas Manuais Acionadas (ar/motor),Válvula pneumática do condensado para o blow down tank,5.4 - Sistema de Vapor LP de Condesando de Ventilação de Purga,,3,Condensado para a válvula 37225-HV-6094 do blow down tank e condensado para válvula,5.4 - Sistema de Vapor LP de Condesando de Ventilação de Purga.txt,Manual completo
37225-HV-6096,HV,Válvulas Manuais Acionadas (ar/motor),Válvula pneumática do condensado para o tanque de água de alimentação,5.4 - Sistema de Vapor LP de Condesando de Ventilação de Purga,,3,37225-HV-6096 do tanque de alimentação,5.4 - Sistema de Vapor LP de Condesando de Ventilação de Purga.txt,Manual completo
37225-AI-6095,AI,Indicadores Analíticos,Medição de condutividade do condensado,5.4 - Sistema de Vapor LP de Condesando de Ventilação de Purga,,1,(37225-AI-6095) é > H.,5.4 - Sistema de Vapor LP de Condesando de Ventilação de Purga.txt,Manual completo
37224-M-5315,M,"Equipamentos Mecânicos (motores, tanques, ventiladores, transportadores...)",Pré-aquecedor de vapor do ar primário,5.5 - Sistema de Ar,,1,PRÉ-AQUECEDOR DE VAPOR DO AR PRIMÁRIO 37224-M-5315,5.5 - Sistema de Ar.txt,Manual completo
37224-M-5316,M,"Equipamentos Mecânicos (motores, tanques, ventiladores, transportadores...)",Pré-aquecedor de gás de combustão do ar primário 1,5.5 - Sistema de Ar,,1,PRÉ-AQUECEDOR DE GÁS DE COMBUSTÃO DO AR PRIMÁRIO 1 37224-M-5316                                       PRÉ-AQUECEDOR DE GÁS DE COMBUSTÃO DO AR PRIMÁRIO 1 37224-M-5318,5.5 - Sistema de Ar.txt,Manual completo
37224-M-5318,M,"Equipamentos Mecânicos (motores, tanques, ventiladores, transportadores...)",Pré-aquecedor de gás de combustão do ar primário 2,5.5 - Sistema de Ar,,1,PRÉ-AQUECEDOR DE GÁS DE COMBUSTÃO DO AR PRIMÁRIO 1 37224-M-5316                                       PRÉ-AQUECEDOR DE GÁS DE COMBUSTÃO DO AR PRIMÁRIO 1 37224-M-5318,5.5 - Sistema de Ar.txt,Manual completo
37224-M-5317,M,"Equipamentos Mecânicos (motores, tanques, ventiladores, transportadores...)",Pré-aquecedor de ar primário e gás de recirculação 1,5.5 - Sistema de Ar,,1,PRÉ-AQUECEDOR DE AR PRIMÁRIO E GÁS DE RECIRCULAÇÃO 1 37224-M-5317,5.5 - Sistema de Ar.txt,Manual completo
37224-M-5326,M,"Equipamentos Mecânicos (motores, tanques, ventiladores, transportadores...)",Pré-aquecedor de vapor para ar de queima (overfire),5.5 - Sistema de Ar,,1,VAPOR PARA PRÉ-AQUECEDOR DO OVERFIRE 37224-M-5326,5.5 - Sistema de Ar.txt,Manual completo
37224-M-5327,M,"Equipamentos Mecânicos (motores, tanques, ventiladores, transportadores...)",Pré-aquecedor de gás de combustão para ar de queima (overfire) 1,5.5 - Sistema de Ar,,1,PRÉ-AQUECEDOR DO FLUE GAS PARA OVERFIRE 1 37224-M-5327                                              PRÉ-AQUECEDOR DO FLUE GAS PARA OVERFIRE 3 37224-M-5329,5.5 - Sistema de Ar.txt,Manual completo
37224-M-5328,M,"Equipamentos Mecânicos (motores, tanques, ventiladores, transportadores...)",Pré-aquecedor de gás de combustão para ar de queima (overfire) 2,5.5 - Sistema de Ar,,1,PRÉ-AQUECEDOR DO FLUE GAS PARA OVERFIRE 2 37224-M-5328,5.5 - Sistema de Ar.txt,Manual completo
37224-M-5329,M,"Equipamentos Mecânicos (motores, tanques, ventiladores, transportadores...)",Pré-aquecedor de gás de combustão para ar de queima (overfire) 3,5.5 - Sistema de Ar,,1,PRÉ-AQUECEDOR DO FLUE GAS PARA OVERFIRE 1 37224-M-5327                                              PRÉ-AQUECEDOR DO FLUE GAS PARA OVERFIRE 3 37224-M-5329,5.5 - Sistema de Ar.txt,Manual completo
37224-FIC-5317,FIC,,Controlador do fluxo de ar primário,5.5 - Sistema de Ar; 5.7 - Sistema de Alimentação de Combustível,Operação Normal,3,Controlador do fluxo de ar primário (fluxo do gás de fluidização) 37224-FIC-5317,5.5 - Sistema de Ar.txt,Manual completo + Vault
37224-FI-5316,FI,,Medição do fluxo de ar primário,5.5 - Sistema de Ar,11_Analise_Riscos,1,da medida do fluxo de ar primário 37224-FI-5316 e da medida do gás de recirculação 37228-FI-5494.,5.5 - Sistema de Ar.txt,Manual completo + Vault
37228-FI-5494,FI,,Medição do fluxo de gás de recirculação,5.5 - Sistema de Ar,,1,da medida do fluxo de ar primário 37224-FI-5316 e da medida do gás de recirculação 37228-FI-5494.,5.5 - Sistema de Ar.txt,Manual completo
37224-XS-5388,XS,Chaves/Status Discretos (sequências),Cálculo de controle do fluxo de ar,5.5 - Sistema de Ar,,4,controle do fluxo de ar 37224-XS-5388.,5.5 - Sistema de Ar.txt,Manual completo
37224-PI-5370,PI,Indicadores de Pressão,Medição de pressão do ar de queima (overfire),5.5 - Sistema de Ar,11_Analise_Riscos,1,• A medida de pressão do ar de queima calculada 37224-PIC-5369 é a medida 37224-PI-5370 ou a medida 37224-PI-5371 ou a,5.5 - Sistema de Ar.txt,Manual completo + Vault
37224-PI-5371,PI,Indicadores de Pressão,Medição de pressão do ar de queima (overfire),5.5 - Sistema de Ar,,1,• A medida de pressão do ar de queima calculada 37224-PIC-5369 é a medida 37224-PI-5370 ou a medida 37224-PI-5371 ou a,5.5 - Sistema de Ar.txt,Manual completo
37224-GIC-5385,GIC,Controladores Indicadores de Posição (dampers),Controlador da posição do damper do ar de queima,5.5 - Sistema de Ar,,3,baseada na energia da biomassa. O output do controlador 37224-GIC-5385 aumenta ou diminui o valor dO set point REMOTO para,5.5 - Sistema de Ar.txt,Manual completo
37224-LI-5350,LI,Indicadores de Nível (calculados),Cálculo da altura do leito estático,5.5 - Sistema de Ar,,1,• O cálculo da altura do leito é mostrada no loop 37224-LI-5350. A altura do leito estático (0…1 m) é,5.5 - Sistema de Ar.txt,Manual completo
37224-PI-5331,PI,Indicadores de Pressão,Medição de pressão da caixa de ar,5.5 - Sistema de Ar,,1,"ar ou é a medição 37224-PI-5331, ou é a medição 37224-PI-5332 ou é a média delas selecionada",5.5 - Sistema de Ar.txt,Manual completo
37224-PI-5332,PI,Indicadores de Pressão,Medição de pressão da caixa de ar,5.5 - Sistema de Ar,,1,"ar ou é a medição 37224-PI-5331, ou é a medição 37224-PI-5332 ou é a média delas selecionada",5.5 - Sistema de Ar.txt,Manual completo
37224-PI-5397,PI,Indicadores de Pressão,Medição de pressão da fornalha,5.5 - Sistema de Ar; 5.6 - Sistema de Gases de Combustão,11_Analise_Riscos,2,"fornalha 37224-PI-5397, 37224-PI-5398 e 37224-PI-5399.",5.5 - Sistema de Ar.txt,Manual completo + Vault
37224-PI-5398,PI,Indicadores de Pressão,Medição de pressão da fornalha,5.5 - Sistema de Ar; 5.6 - Sistema de Gases de Combustão,11_Analise_Riscos,2,"fornalha 37224-PI-5397, 37224-PI-5398 e 37224-PI-5399.",5.5 - Sistema de Ar.txt,Manual completo + Vault
37224-PI-5399,PI,Indicadores de Pressão,Medição de pressão da fornalha,5.5 - Sistema de Ar; 5.6 - Sistema de Gases de Combustão,11_Analise_Riscos,2,"fornalha 37224-PI-5397, 37224-PI-5398 e 37224-PI-5399.",5.5 - Sistema de Ar.txt,Manual completo + Vault
37224-SI-5357,SI,,Cálculo da velocidade do fluidizado,5.5 - Sistema de Ar,,2,Velocidade do fluidizado 37224-SI-5357,5.5 - Sistema de Ar.txt,Manual completo
37224-HV-5325,HV,Válvulas Manuais Acionadas (ar/motor),Damper de bloqueio do gás de recirculação,5.5 - Sistema de Ar,,2,Damper de bloqueio do gás de recirculação 37224-HV-5325,5.5 - Sistema de Ar.txt,Manual completo
37226-M-5400,M,"Equipamentos Mecânicos (motores, tanques, ventiladores, transportadores...)",Precipitador Eletrostático (ESP),,,0,,,Somente lista oficial (sem contexto)
37224-TI-5413,TI,Indicadores de Temperatura,Medição de temperatura de saída de gás de combustão,5.6 - Sistema de Gases de Combustão,,1,uma das medidas 37224-TI-5413 e 37224-TI-5414 ou valor médio,5.6 - Sistema de Gases de Combustão.txt,Manual completo
37224-TI-5414,TI,Indicadores de Temperatura,Medição de temperatura de saída de gás de combustão,5.6 - Sistema de Gases de Combustão,,1,uma das medidas 37224-TI-5413 e 37224-TI-5414 ou valor médio,5.6 - Sistema de Gases de Combustão.txt,Manual completo
37228-M-5654,M,"Equipamentos Mecânicos (motores, tanques, ventiladores, transportadores...)",Calha e gaveta de divisão de biomassa,5.7 - Sistema de Alimentação de Combustível,,1,CALHA E GAVETA DE DIVISÃO DE BIOMASSA 37228-M-5654,5.7 - Sistema de Alimentação de Combustível.txt,Manual completo
37228-M-5653,M,"Equipamentos Mecânicos (motores, tanques, ventiladores, transportadores...)",Transportador de degrau por corrente,5.7 - Sistema de Alimentação de Combustível,,1,TRANSPORTADOR DE DEGRAU POR CORRENTE 37228-M-5653,5.7 - Sistema de Alimentação de Combustível.txt,Manual completo
37228-M-5655,M,"Equipamentos Mecânicos (motores, tanques, ventiladores, transportadores...)",Distribuidor de material giratório 1,5.7 - Sistema de Alimentação de Combustível,,2,DISTRIBUIDORES DE MATERIAL GIRATÓRIO 37228-M-5655 e 37228-M-,5.7 - Sistema de Alimentação de Combustível.txt,Manual completo
37228-M-5656,M,"Equipamentos Mecânicos (motores, tanques, ventiladores, transportadores...)",Distribuidor de material giratório 2,5.7 - Sistema de Alimentação de Combustível,,1,Distribuidores de material giratório 37228-M-5655 e 37228-M-5656 Lógica de,5.7 - Sistema de Alimentação de Combustível.txt,Manual completo
37228-M-5651,M,"Equipamentos Mecânicos (motores, tanques, ventiladores, transportadores...)",Silo de Biomassa 1,5.7 - Sistema de Alimentação de Combustível,,1,SILOS DE BIOMASSA 37228-M-5651 e 37228-M-5652,5.7 - Sistema de Alimentação de Combustível.txt,Manual completo
37228-M-5652,M,"Equipamentos Mecânicos (motores, tanques, ventiladores, transportadores...)",Silo de Biomassa 2,5.7 - Sistema de Alimentação de Combustível,,1,SILOS DE BIOMASSA 37228-M-5651 e 37228-M-5652,5.7 - Sistema de Alimentação de Combustível.txt,Manual completo
37228-M-5657,M,"Equipamentos Mecânicos (motores, tanques, ventiladores, transportadores...)",Transportador elétrico de biomassa 1,5.7 - Sistema de Alimentação de Combustível,,4,TRANSPORTADORES ELÉTRICOS 37228-M-5657 e 37228-M-5657,5.7 - Sistema de Alimentação de Combustível.txt,Manual completo
37228-M-5658,M,"Equipamentos Mecânicos (motores, tanques, ventiladores, transportadores...)",Transportador elétrico de biomassa 2,5.7 - Sistema de Alimentação de Combustível,,4,"Comandos dos transportadores 37228-M-5657-M01, 37228-M-5658-M01",5.7 - Sistema de Alimentação de Combustível.txt,Manual completo
37228-M-5663,M,"Equipamentos Mecânicos (motores, tanques, ventiladores, transportadores...)",Caixa de balanceamento 1,5.7 - Sistema de Alimentação de Combustível,,1,CAIXAS DE BALANCEAMENTO 37228-M-5663 e 37228-M-5664,5.7 - Sistema de Alimentação de Combustível.txt,Manual completo
37228-M-5664,M,"Equipamentos Mecânicos (motores, tanques, ventiladores, transportadores...)",Caixa de balanceamento 2,5.7 - Sistema de Alimentação de Combustível,,1,CAIXAS DE BALANCEAMENTO 37228-M-5663 e 37228-M-5664,5.7 - Sistema de Alimentação de Combustível.txt,Manual completo
37228-V-6801 a 37228-V-6806,V,Válvulas Manuais / Bloqueio,Gavetas deslizantes de biomassa,,,0,,,Somente lista oficial (sem contexto)
37228-LC-5458,LC,Controladores de Nível,Controle de balanceamento do nível do silo de biomassa,5.7 - Sistema de Alimentação de Combustível,,1,do silo 37228-LC-5458,5.7 - Sistema de Alimentação de Combustível.txt,Manual completo
37228-LI-5459,LI,Indicadores de Nível (calculados),Medição de nível do silo de biomassa 1,5.7 - Sistema de Alimentação de Combustível,,1,• Silo de caldeira 1: 37228-LI-5459 e 37228-LI-5460,5.7 - Sistema de Alimentação de Combustível.txt,Manual completo
37228-LI-5460,LI,Indicadores de Nível (calculados),Medição de nível do silo de biomassa 1,5.7 - Sistema de Alimentação de Combustível,,1,• Silo de caldeira 1: 37228-LI-5459 e 37228-LI-5460,5.7 - Sistema de Alimentação de Combustível.txt,Manual completo
37228-LI-5516,LI,Indicadores de Nível (calculados),Medição de nível do silo de biomassa 2,5.7 - Sistema de Alimentação de Combustível,,1,• Silo de caldeira 2: 37228-LI-5516 e 37228-LI-5517,5.7 - Sistema de Alimentação de Combustível.txt,Manual completo
37228-LI-5517,LI,Indicadores de Nível (calculados),Medição de nível do silo de biomassa 2,5.7 - Sistema de Alimentação de Combustível,,1,• Silo de caldeira 2: 37228-LI-5516 e 37228-LI-5517,5.7 - Sistema de Alimentação de Combustível.txt,Manual completo
37228-LI-5473,LI,Indicadores de Nível (calculados),Medição de nível do Mini Silo 1,5.7 - Sistema de Alimentação de Combustível,,1,O controlador obtém seu feedback da medição de nível 37228-LI-5473. A ação de resposta do controlador é,5.7 - Sistema de Alimentação de Combustível.txt,Manual completo
37228-LI-5530,LI,Indicadores de Nível (calculados),Medição de nível do Mini Silo 2,5.7 - Sistema de Alimentação de Combustível,,1,O controlador obtém seu feedback da medição de nível 37228-LI-5530. A ação de resposta do controlador é,5.7 - Sistema de Alimentação de Combustível.txt,Manual completo
37221-M-5072,M,"Equipamentos Mecânicos (motores, tanques, ventiladores, transportadores...)",Economizador,5.2 - Sistema de Água e Vapor,,1,ECONOMIZADOR 37221-M-5072,5.2 - Sistema de Água e Vapor.txt,Manual completo
37221-M-5074,M,"Equipamentos Mecânicos (motores, tanques, ventiladores, transportadores...)",Tubulão de vapor,5.2 - Sistema de Água e Vapor,,1,TUBULÃO DE VAPOR 37221-M-5074,5.2 - Sistema de Água e Vapor.txt,Manual completo
37221-M-5075,M,"Equipamentos Mecânicos (motores, tanques, ventiladores, transportadores...)",Superaquecedor Primário,5.2 - Sistema de Água e Vapor,,1,SUPERAQUECEDOR PRIMÁRIO 37221-M-5075,5.2 - Sistema de Água e Vapor.txt,Manual completo
37221-M-5076,M,"Equipamentos Mecânicos (motores, tanques, ventiladores, transportadores...)",Superaquecedor Secundário,5.2 - Sistema de Água e Vapor,,1,SUPERAQUECEDOR SECUNDÁRIO 37221-M-5076,5.2 - Sistema de Água e Vapor.txt,Manual completo
37221-M-5077,M,"Equipamentos Mecânicos (motores, tanques, ventiladores, transportadores...)",Superaquecedor Terciário,5.2 - Sistema de Água e Vapor,,1,SUPERAQUECEDOR TERCIÁRIO 37221-M-5077,5.2 - Sistema de Água e Vapor.txt,Manual completo
37221-V-5502,V,Válvulas Manuais / Bloqueio,Válvula de segurança da caldeira,5.2 - Sistema de Água e Vapor,,4,"VÁLVULAS DE SEGURANÇA DA CALDEIRA 37221-V-5502,",5.2 - Sistema de Água e Vapor.txt,Manual completo
37221-V-5503,V,Válvulas Manuais / Bloqueio,Válvula de segurança da caldeira (tubulão 1/2),5.2 - Sistema de Água e Vapor,,4,37221-V-5503 e 37221-V-5504,5.2 - Sistema de Água e Vapor.txt,Manual completo
37221-V-5504,V,Válvulas Manuais / Bloqueio,Válvula de segurança principal do vapor,5.2 - Sistema de Água e Vapor,,4,37221-V-5503 e 37221-V-5504,5.2 - Sistema de Água e Vapor.txt,Manual completo
37223-M-5231,M,"Equipamentos Mecânicos (motores, tanques, ventiladores, transportadores...)",Juntas de expansão abaixo da fornalha,5.9 - Sistema de Manuseio de Cinza de Fundo,,1,JUNTAS DE EXPANSÃO ABAIXO DA FORNALHA 37223-M-5231,5.9 - Sistema de Manuseio de Cinza de Fundo.txt,Manual completo
37223-V-5285 a 37223-V-5289,V,Válvulas Manuais / Bloqueio,Guilhotinas da rosca transportadora,,,0,,,Somente lista oficial (sem contexto)
37223-V-5291 a 37223-V-5293,V,Válvulas Manuais / Bloqueio,Guilhotinas da rosca transportadora,,,0,,,Somente lista oficial (sem contexto)
37223-V-5916 a 37223-V-5217,V,Válvulas Manuais / Bloqueio,Guilhotinas da rosca transportadora,,,0,,,Somente lista oficial (sem contexto)
37223-V-5919,V,Válvulas Manuais / Bloqueio,Guilhotina da rosca transportadora,5.9 - Sistema de Manuseio de Cinza de Fundo,,1,"5293, 37223-V-5916,- 37223-V-5217, 37223-V-5919, 37223-V-5921",5.9 - Sistema de Manuseio de Cinza de Fundo.txt,Manual completo
37223-V-5921,V,Válvulas Manuais / Bloqueio,Guilhotina da rosca transportadora,5.9 - Sistema de Manuseio de Cinza de Fundo,,1,"5293, 37223-V-5916,- 37223-V-5217, 37223-V-5919, 37223-V-5921",5.9 - Sistema de Manuseio de Cinza de Fundo.txt,Manual completo
37223-M-5191,M,"Equipamentos Mecânicos (motores, tanques, ventiladores, transportadores...)",Rosca transportadora de cinzas residuais resfriada por água (Rosca 1),5.9 - Sistema de Manuseio de Cinza de Fundo,,4,"ROSCAS TRANSPORTADORAS, RESFRIADOS A ÁGUA 37223-M-5191,",5.9 - Sistema de Manuseio de Cinza de Fundo.txt,Manual completo
37223-M-5192,M,"Equipamentos Mecânicos (motores, tanques, ventiladores, transportadores...)",Rosca transportadora de cinzas residuais resfriada por água (Rosca 2),5.9 - Sistema de Manuseio de Cinza de Fundo,,4,"37223-M-5192, 37223-M-5193",5.9 - Sistema de Manuseio de Cinza de Fundo.txt,Manual completo
37223-M-5193,M,"Equipamentos Mecânicos (motores, tanques, ventiladores, transportadores...)",Rosca transportadora de cinzas residuais resfriada por água (Rosca 3),5.9 - Sistema de Manuseio de Cinza de Fundo,,4,"37223-M-5192, 37223-M-5193",5.9 - Sistema de Manuseio de Cinza de Fundo.txt,Manual completo
37223-HV-5640,HV,Válvulas Manuais Acionadas (ar/motor),Guilhotina pneumática para cinzas residuais,5.9 - Sistema de Manuseio de Cinza de Fundo,,4,GUILHOTINA PNEUMÁTICA 37223-HV-5640,5.9 - Sistema de Manuseio de Cinza de Fundo.txt,Manual completo
37223-M-5196,M,"Equipamentos Mecânicos (motores, tanques, ventiladores, transportadores...)",Peneira rotativa,5.9 - Sistema de Manuseio de Cinza de Fundo,,4,PENEIRA ROTATIVA 37223-M-5196,5.9 - Sistema de Manuseio de Cinza de Fundo.txt,Manual completo
37223-M-5197,M,"Equipamentos Mecânicos (motores, tanques, ventiladores, transportadores...)",Transportador pneumático de cinzas residuais,5.9 - Sistema de Manuseio de Cinza de Fundo,,2,"TRANSPORTADOR PNEUMÁTICO, CINZAS RESIDUAIS 37223-M-5197",5.9 - Sistema de Manuseio de Cinza de Fundo.txt,Manual completo
37223-M-5195,M,"Equipamentos Mecânicos (motores, tanques, ventiladores, transportadores...)",Rosca de distribuição de cinzas,5.9 - Sistema de Manuseio de Cinza de Fundo,,2,ROSCA DE DISTRIBUIÇÃO DE CINZAS 37223-M-5195,5.9 - Sistema de Manuseio de Cinza de Fundo.txt,Manual completo
37223-M-5198,M,"Equipamentos Mecânicos (motores, tanques, ventiladores, transportadores...)",Caçamba de cinzas residuais 1,5.9 - Sistema de Manuseio de Cinza de Fundo,,2,"CAÇAMBAS DE CINZAS RESIDUAIS 37223-M-5198, 37223-M-5199",5.9 - Sistema de Manuseio de Cinza de Fundo.txt,Manual completo
37223-M-5199,M,"Equipamentos Mecânicos (motores, tanques, ventiladores, transportadores...)",Caçamba de cinzas residuais 2,5.9 - Sistema de Manuseio de Cinza de Fundo,,2,"CAÇAMBAS DE CINZAS RESIDUAIS 37223-M-5198, 37223-M-5199",5.9 - Sistema de Manuseio de Cinza de Fundo.txt,Manual completo
37223-M-5191-M01,M,"Equipamentos Mecânicos (motores, tanques, ventiladores, transportadores...)",Motor 1 da rosca transportadora de cinzas residuais,,,0,,,Somente lista oficial (sem contexto)
37223-SS-5619,SS,Chaves de Velocidade,Chave de velocidade da rosca transportadora 1,5.9 - Sistema de Manuseio de Cinza de Fundo,,1,transportador é monitorado pela chave de velocidade 37223-SS-5619.,5.9 - Sistema de Manuseio de Cinza de Fundo.txt,Manual completo
37223-HV-5622,HV,Válvulas Manuais Acionadas (ar/motor),Válvula de água resfriadora da rosca 1,5.9 - Sistema de Manuseio de Cinza de Fundo,,1,água resfriadora 37223-HV-5622 é configurada no modo REM e aberta.,5.9 - Sistema de Manuseio de Cinza de Fundo.txt,Manual completo
37223-M-5192-M01,M,"Equipamentos Mecânicos (motores, tanques, ventiladores, transportadores...)",Motor 2 da rosca transportadora de cinzas residuais,,,0,,,Somente lista oficial (sem contexto)
37223-SS-5627,SS,Chaves de Velocidade,Chave de velocidade da rosca transportadora 2,5.9 - Sistema de Manuseio de Cinza de Fundo,,1,chave de velocidade 37223-SS-5627.,5.9 - Sistema de Manuseio de Cinza de Fundo.txt,Manual completo
37223-HV-5630,HV,Válvulas Manuais Acionadas (ar/motor),Válvula de água resfriadora da rosca 2,5.9 - Sistema de Manuseio de Cinza de Fundo,,1,válvula de água resfriadora 37223-HV-5630 é configurada no,5.9 - Sistema de Manuseio de Cinza de Fundo.txt,Manual completo
37223-M-5193-M01,M,"Equipamentos Mecânicos (motores, tanques, ventiladores, transportadores...)",Motor 3 da rosca transportadora de cinzas residuais,,,0,,,Somente lista oficial (sem contexto)
37223-SS-5635,SS,Chaves de Velocidade,Chave de velocidade da rosca transportadora 3,5.9 - Sistema de Manuseio de Cinza de Fundo,,1,velocidade 37223-SS-5635.,5.9 - Sistema de Manuseio de Cinza de Fundo.txt,Manual completo
37223-HV-5638,HV,Válvulas Manuais Acionadas (ar/motor),Válvula de água resfriadora da rosca 3,5.9 - Sistema de Manuseio de Cinza de Fundo,,1,de água resfriadora 37223-HV-5638 é configurada no modo REM e,5.9 - Sistema de Manuseio de Cinza de Fundo.txt,Manual completo
37223-M-5194-M01,M,"Equipamentos Mecânicos (motores, tanques, ventiladores, transportadores...)",Motor do transportador de corrente de cinzas,5.9 - Sistema de Manuseio de Cinza de Fundo,,1,A rosca transportadora de cinzas residuais motor 37223-M-5194-M01 é configurado no,5.9 - Sistema de Manuseio de Cinza de Fundo.txt,Manual completo
37223-SS-5639,SS,Chaves de Velocidade,Chave de velocidade do transportador de corrente,,,0,,,Somente lista oficial (sem contexto)
37223-SS-5641,SS,Chaves de Velocidade,Chave de velocidade da peneira rotativa,5.9 - Sistema de Manuseio de Cinza de Fundo,,1,pela chave de velocidade 37223-SS-5641.,5.9 - Sistema de Manuseio de Cinza de Fundo.txt,Manual completo
37223-M-5232,M,"Equipamentos Mecânicos (motores, tanques, ventiladores, transportadores...)",Dispositivo de conexão da caçamba 1,,,0,,,Somente lista oficial (sem contexto)
37223-M-5233,M,"Equipamentos Mecânicos (motores, tanques, ventiladores, transportadores...)",Dispositivo de conexão da caçamba 2,,,0,,,Somente lista oficial (sem contexto)
37223-LSL-5645,LSL,Chaves de Nível Baixo,Chave de nível na tremonha de fornecimento pneumático,5.9 - Sistema de Manuseio de Cinza de Fundo,,1,fornecimento 37223-LSL-5645 é ativada ou quando o tempo,5.9 - Sistema de Manuseio de Cinza de Fundo.txt,Manual completo
37223-M-5236,M,"Equipamentos Mecânicos (motores, tanques, ventiladores, transportadores...)",Painel de controle do transportador pneumático,,,0,,,Somente lista oficial (sem contexto)
37229-M-5776,M,"Equipamentos Mecânicos (motores, tanques, ventiladores, transportadores...)",Caixa de recebimento de areia,5.8 - Sistema de Alimentação de Material do Leito,,1,CAIXA DE RECEBIMENTO DE AREIA 37229-M-5776,5.8 - Sistema de Alimentação de Material do Leito.txt,Manual completo
37229-M-5773,M,"Equipamentos Mecânicos (motores, tanques, ventiladores, transportadores...)",Rosca de recebimento da areia,5.8 - Sistema de Alimentação de Material do Leito,,1,ROSCA DE RECEBIMENTO DA AREIA 37229-M-5773,5.8 - Sistema de Alimentação de Material do Leito.txt,Manual completo
37229-M-5774,M,"Equipamentos Mecânicos (motores, tanques, ventiladores, transportadores...)",Elevador de canecos,5.8 - Sistema de Alimentação de Material do Leito,,1,ELEVADOR DE CANECOS 37229-M-5774,5.8 - Sistema de Alimentação de Material do Leito.txt,Manual completo
37229-M-5771,M,"Equipamentos Mecânicos (motores, tanques, ventiladores, transportadores...)",Silo de areia,5.8 - Sistema de Alimentação de Material do Leito,,1,SILO DE AREIA 37229-M-5771,5.8 - Sistema de Alimentação de Material do Leito.txt,Manual completo
37223-M-5215,M,"Equipamentos Mecânicos (motores, tanques, ventiladores, transportadores...)",Silo de cinza,5.10 - Sistema de Manuseio de Cinza Volante,,4,SILO DE CINZA 37223-M-5215                                                                                EQUIPAMENTO DE DESCARGA A SECO,5.10 - Sistema de Manuseio de Cinza Volante.txt,Manual completo
37223-M-5215-M01,M,"Equipamentos Mecânicos (motores, tanques, ventiladores, transportadores...)",Descarregador / Motor vibratório do silo de cinza 1,5.10 - Sistema de Manuseio de Cinza Volante,,4,"- Descarregadores vibratórios do silo 37223-M-5215-M01 e                                           Motor                            kW             4,5",5.10 - Sistema de Manuseio de Cinza Volante.txt,Manual completo
37223-M-5215-M02,M,"Equipamentos Mecânicos (motores, tanques, ventiladores, transportadores...)",Descarregador / Motor vibratório do silo de cinza 2,5.10 - Sistema de Manuseio de Cinza Volante,,3,37223-M-5215-M02.                                                                                Material,5.10 - Sistema de Manuseio de Cinza Volante.txt,Manual completo
37223-V-5901,V,Válvulas Manuais / Bloqueio,Gaveta deslizante manual de descarga a seco,5.10 - Sistema de Manuseio de Cinza Volante,,1,Fabricante                                          Haco                                               Gaveta deslizante manual 37223-V-5901,5.10 - Sistema de Manuseio de Cinza Volante.txt,Manual completo
37223-HV-5850,HV,Válvulas Manuais Acionadas (ar/motor),Gaveta deslizante pneumática de descarga a seco,5.10 - Sistema de Manuseio de Cinza Volante,,2,Diâmetro                                     m                 6                                       Gaveta deslizante pneumática 37223-HV-5850,5.10 - Sistema de Manuseio de Cinza Volante.txt,Manual completo
37223-M-5218,M,"Equipamentos Mecânicos (motores, tanques, ventiladores, transportadores...)",Válvula rotativa / motor da calha de descarga a seco,5.10 - Sistema de Manuseio de Cinza Volante,,4,Material                                         aço carbono                                           Válvula rotativa de descarga a seco 37223-M-5218,5.10 - Sistema de Manuseio de Cinza Volante.txt,Manual completo
37223-M-5219,M,"Equipamentos Mecânicos (motores, tanques, ventiladores, transportadores...)",Calha telescópica de descarga a seco,5.10 - Sistema de Manuseio de Cinza Volante,,2,- Porta de inspeção                                                                                Calha telescópica de descarga a seco 37223-M-5219,5.10 - Sistema de Manuseio de Cinza Volante.txt,Manual completo
37223-KS-5721,KS,Chaves de Ciclo/Sequência,Ciclo de transporte de cinza pneumático do Boiler Bank,5.10 - Sistema de Manuseio de Cinza Volante,,1,Ciclo de transporte de cinza pneumático do BOILER BANK 37223-KS-5721,5.10 - Sistema de Manuseio de Cinza Volante.txt,Manual completo
37223-LSH-5693,LSH,Chaves de Nível Alto,Chave de nível de envio do pneumático do Boiler Bank,5.10 - Sistema de Manuseio de Cinza Volante,,1,• a chave de nível 37223-LSH-5693 é ativado,5.10 - Sistema de Manuseio de Cinza Volante.txt,Manual completo
37223-KS-5723,KS,Chaves de Ciclo/Sequência,Ciclo de transporte de cinza do Economizador,5.10 - Sistema de Manuseio de Cinza Volante,,1,Ciclo de transporte de cinza do ECONOMIZADOR 37223-KS-5723,5.10 - Sistema de Manuseio de Cinza Volante.txt,Manual completo
37223-LSH-5704,LSH,Chaves de Nível Alto,Chave de nível de envio do pneumático do Economizador,5.10 - Sistema de Manuseio de Cinza Volante,,1,• a chave de nível 37223-LSH-5704 é ativado,5.10 - Sistema de Manuseio de Cinza Volante.txt,Manual completo
37223-M-5211,M,"Equipamentos Mecânicos (motores, tanques, ventiladores, transportadores...)",Rosca de cinza ESP 1,5.10 - Sistema de Manuseio de Cinza Volante,,3,O operador ajustou as roscas de cinza ESP 37223-M-5211 e 37223-M-5213 manualmente do modo DCS para o AUTO.,5.10 - Sistema de Manuseio de Cinza Volante.txt,Manual completo
37223-M-5213,M,"Equipamentos Mecânicos (motores, tanques, ventiladores, transportadores...)",Rosca de cinza ESP 2,5.10 - Sistema de Manuseio de Cinza Volante,,2,O operador ajustou as roscas de cinza ESP 37223-M-5211 e 37223-M-5213 manualmente do modo DCS para o AUTO.,5.10 - Sistema de Manuseio de Cinza Volante.txt,Manual completo
37223-KS-5765,KS,Chaves de Ciclo/Sequência,Ciclos de transporte pneumático de cinza ESP,5.10 - Sistema de Manuseio de Cinza Volante,,1,Ciclos de transporte pneumático de cinza ESP 37223-KS-5765 e 37223-KS-5765,5.10 - Sistema de Manuseio de Cinza Volante.txt,Manual completo
37223-LSH-5743,LSH,Chaves de Nível Alto,Chave de nível do pneumático ESP 1,5.10 - Sistema de Manuseio de Cinza Volante,,1,• as chaves de nível 37223-LSH-5743 e 37223-LSH-5754 são ativados,5.10 - Sistema de Manuseio de Cinza Volante.txt,Manual completo
37223-LSH-5754,LSH,Chaves de Nível Alto,Chave de nível do pneumático ESP 2,5.10 - Sistema de Manuseio de Cinza Volante,,1,• as chaves de nível 37223-LSH-5743 e 37223-LSH-5754 são ativados,5.10 - Sistema de Manuseio de Cinza Volante.txt,Manual completo
37223-CB-5860,CB,Painéis de Controle Local,Painel de controle local da descarga a seco,5.10 - Sistema de Manuseio de Cinza Volante,,1,A descarga a seco é controlada pelo painel de controle local 37223-CB-5860                                válvulas podem ser ajustados no DCS).,5.10 - Sistema de Manuseio de Cinza Volante.txt,Manual completo
37223-M-5239,M,"Equipamentos Mecânicos (motores, tanques, ventiladores, transportadores...)",Válvula rotativa do filtro do silo de cinza,5.10 - Sistema de Manuseio de Cinza Volante,,3,Descarga a seco                                                                                      o Válvula rotativa do filtro de cinza 37223-M-5239-M01 é iniciada.,5.10 - Sistema de Manuseio de Cinza Volante.txt,Manual completo
37223-ZSH-5853,ZSH,Chaves de Posição - Alarme Alto (segurança),Chave de limite (corda frouxa da calha),5.10 - Sistema de Manuseio de Cinza Volante,,2,     Quando a corda frouxa da chave limitadora 37223-ZSH-5853 é ativada.,5.10 - Sistema de Manuseio de Cinza Volante.txt,Manual completo
37223-ZIH-5852,ZIH,Chaves Indicadoras de Posição Alta (limite),Chave limitadora de controle (limite ascendente da calha),5.10 - Sistema de Manuseio de Cinza Volante,,2,     Quando o controle da chave limitadora 37223-ZIH-5852 é desativado:,5.10 - Sistema de Manuseio de Cinza Volante.txt,Manual completo
37223-M-5217-M01,M,"Equipamentos Mecânicos (motores, tanques, ventiladores, transportadores...)",Motor do ventilador do filtro do silo de cinza,5.10 - Sistema de Manuseio de Cinza Volante,,1,o Motor do ventilador do filtro de silo 37223-M-5217-M01 é iniciado.,5.10 - Sistema de Manuseio de Cinza Volante.txt,Manual completo
37223-M-5239-M01,M,"Equipamentos Mecânicos (motores, tanques, ventiladores, transportadores...)",Motor da válvula rotativa do filtro de cinza,5.10 - Sistema de Manuseio de Cinza Volante,,1,Descarga a seco                                                                                      o Válvula rotativa do filtro de cinza 37223-M-5239-M01 é iniciada.,5.10 - Sistema de Manuseio de Cinza Volante.txt,Manual completo
37223-HV-5610,HV,Válvulas Manuais Acionadas (ar/motor),Válvula de limpeza de pulso do filtro 1,5.10 - Sistema de Manuseio de Cinza Volante,,1,37223-HV-5610 e 37223-HV-5612 (os tempos de abertura e fechamento das,5.10 - Sistema de Manuseio de Cinza Volante.txt,Manual completo
37223-HV-5612,HV,Válvulas Manuais Acionadas (ar/motor),Válvula de limpeza de pulso do filtro 2,5.10 - Sistema de Manuseio de Cinza Volante,,2,37223-HV-5610 e 37223-HV-5612 (os tempos de abertura e fechamento das,5.10 - Sistema de Manuseio de Cinza Volante.txt,Manual completo
37223-LSH-5855,LSH,Chaves de Nível Alto,Sinal de carga cheia de descarga a seco,5.10 - Sistema de Manuseio de Cinza Volante,,1,chave de controle de parada rápida Interrompe todos os equipamentos                          Se o sinal de carga cheia de descarga a seco 37223-LSH-5855 for ativado durante o,5.10 - Sistema de Manuseio de Cinza Volante.txt,Manual completo
37223-M-5217,M,"Equipamentos Mecânicos (motores, tanques, ventiladores, transportadores...)",Ventilador do filtro do silo de cinza,5.10 - Sistema de Manuseio de Cinza Volante,,2,o Motor do ventilador do filtro de silo 37223-M-5217-M01 é iniciado.,5.10 - Sistema de Manuseio de Cinza Volante.txt,Manual completo
37221-FWH-5631,FWH,Linhas de Amostragem - Água de Alimentação,Linha de amostragem da água de alimentação,5.13 - Sistema de Amostragem,,1,"37221-FWH-5631   186/113        160/140          Sílica,",5.13 - Sistema de Amostragem.txt,Manual completo
37221-FWH-5711,FWH,Linhas de Amostragem - Água de Alimentação,Linha de amostragem da água da caldeira,5.13 - Sistema de Amostragem,,1,"Água da caldeira    37221-FWH-5711   125/110        328/319          pH, Sílica,",5.13 - Sistema de Amostragem.txt,Manual completo
37221-SSH-5678,SSH,Linhas de Amostragem - Vapor Saturado,Linha de amostragem do vapor saturado,5.13 - Sistema de Amostragem,,1,"Vapor saturado      37221-SSH-5678   125/110        328/319          Sílica, pH,",5.13 - Sistema de Amostragem.txt,Manual completo
37221-SCH-6504,SCH,Linhas de Amostragem - Água Doce (Condensador),Linha de amostragem da água doce do condensador Dolezal,5.13 - Sistema de Amostragem,,1,"Água doce do        37221-SCH-6504   125/112        328/290          Sílica, pH,",5.13 - Sistema de Amostragem.txt,Manual completo
37221-SHS-5659,SHS,Linhas de Amostragem - Vapor Superaquecido,Linha de amostragem do vapor superaquecido,5.13 - Sistema de Amostragem,,1,"Vapor               37221-SHS-5659   110/104        513/504          Sílica,",5.13 - Sistema de Amostragem.txt,Manual completo
37221-M-5090,M,"Equipamentos Mecânicos (motores, tanques, ventiladores, transportadores...)",Resfriador de amostras do condensado do Dolezal,,,0,,,Somente lista oficial (sem contexto)
37221-M-5093,M,"Equipamentos Mecânicos (motores, tanques, ventiladores, transportadores...)",Resfriador de amostras da água de alimentação,,,0,,,Somente lista oficial (sem contexto)
37221-M-5092,M,"Equipamentos Mecânicos (motores, tanques, ventiladores, transportadores...)",Resfriador de amostras da água de caldeira,,,0,,,Somente lista oficial (sem contexto)
37221-M-5088,M,"Equipamentos Mecânicos (motores, tanques, ventiladores, transportadores...)",Resfriador de amostras do vapor saturado,,,0,,,Somente lista oficial (sem contexto)
37221-M-5089,M,"Equipamentos Mecânicos (motores, tanques, ventiladores, transportadores...)",Resfriador de amostras do vapor principal,,,0,,,Somente lista oficial (sem contexto)
35220-M-1002,M,"Equipamentos Mecânicos (motores, tanques, ventiladores, transportadores...)",Tanque de Fosfato (Sistema de Dosagem Química),5.12 - Sistema de Dosagem Química,,1,35220-M-1002 Tanque de Fosfato,5.12 - Sistema de Dosagem Química.txt,Manual completo
35220-M-1058,M,"Equipamentos Mecânicos (motores, tanques, ventiladores, transportadores...)",Bomba de fosfato 1,5.12 - Sistema de Dosagem Química,,1,35220-M-1058 e 35220-P-1059,5.12 - Sistema de Dosagem Química.txt,Manual completo
35220-P-1059,P,Bombas,Bomba de fosfato 2,5.12 - Sistema de Dosagem Química,,1,35220-M-1058 e 35220-P-1059,5.12 - Sistema de Dosagem Química.txt,Manual completo
37220-M-5016,M,"Equipamentos Mecânicos (motores, tanques, ventiladores, transportadores...)",Tanque de ar comprimido (Ar de Serviço e Instrumentação),5.11 - Serviço e Instrumento do Sistema de Ar,,1,TANQUE DE AR COMPRIMIDO 37220-M-5016,5.11 - Serviço e Instrumento do Sistema de Ar.txt,Manual completo
37222-M-5141,M,"Equipamentos Mecânicos (motores, tanques, ventiladores, transportadores...)",Queimador de Partida 1 (Esquerda),,,0,,,Somente lista oficial (sem contexto)
37222-M-5143,M,"Equipamentos Mecânicos (motores, tanques, ventiladores, transportadores...)",Queimador de Partida 3 (Esquerda),,,0,,,Somente lista oficial (sem contexto)
37222-M-5142,M,"Equipamentos Mecânicos (motores, tanques, ventiladores, transportadores...)",Queimador de Partida 2 (Direita),,,0,,,Somente lista oficial (sem contexto)
37222-M-5144,M,"Equipamentos Mecânicos (motores, tanques, ventiladores, transportadores...)",Queimador de Partida 4 (Direita),,,0,,,Somente lista oficial (sem contexto)
37224-GT-5373,GT,Transmissores de Posição (dampers),Transmissor de posição do damper de ar,5.16 - Sistema de Óleo,,1,"(37224-GT-5373, 37224-GT-5374, 37224-GT-5376, 37224-GT-5377).",5.16 - Sistema de Óleo.txt,Manual completo
37224-GT-5374,GT,Transmissores de Posição (dampers),Transmissor de posição do damper de ar,5.16 - Sistema de Óleo,,1,"(37224-GT-5373, 37224-GT-5374, 37224-GT-5376, 37224-GT-5377).",5.16 - Sistema de Óleo.txt,Manual completo
37224-GT-5376,GT,Transmissores de Posição (dampers),Transmissor de posição do damper de ar,5.16 - Sistema de Óleo,,1,"(37224-GT-5373, 37224-GT-5374, 37224-GT-5376, 37224-GT-5377).",5.16 - Sistema de Óleo.txt,Manual completo
37224-GT-5377,GT,Transmissores de Posição (dampers),Transmissor de posição do damper de ar,5.16 - Sistema de Óleo,,1,"(37224-GT-5373, 37224-GT-5374, 37224-GT-5376, 37224-GT-5377).",5.16 - Sistema de Óleo.txt,Manual completo
37222-FIC-5885,FIC,,Medidor do fluxo de óleo (BPF / Diesel),5.16 - Sistema de Óleo,Operação Normal,1,• O fluxo de óleo é controlado pelo medidor do fluxo de óleo 37222-FIC-5885 com a válvula de controle do,5.16 - Sistema de Óleo.txt,Manual completo + Vault
37222-FV-5892,FV,Válvulas de Controle de Vazão,Válvula de controle do fluxo de óleo combustível leve (Queimadores 1 e 3),5.16 - Sistema de Óleo,Operação Normal,2,Controle do fluxo de óleo combustível leve 37222-FV-5892 (Queimadores 1 e 3),5.16 - Sistema de Óleo.txt,Manual completo + Vault
37221-M-5888,M,"Equipamentos Mecânicos (motores, tanques, ventiladores, transportadores...)",Vapor saturado / Resfriador de amostras,,,0,,,Somente lista oficial (sem contexto)
37221-M-5809,M,"Equipamentos Mecânicos (motores, tanques, ventiladores, transportadores...)",Vapor principal / Resfriador de amostras,,,0,,,Somente lista oficial (sem contexto)
37220-PI-2465,PI,Indicadores de Pressão,Medição de pressão ar de instrumentos,,,0,,,Somente lista oficial (sem contexto)
37220-PI-2466,PI,Indicadores de Pressão,Medição de pressão ar de instrumentos,,,0,,,Somente lista oficial (sem contexto)
37220-PI-2467,PI,Indicadores de Pressão,Medição de pressão ar de instrumentos,,,0,,,Somente lista oficial (sem contexto)
35221-M-5674,M,"Equipamentos Mecânicos (motores, tanques, ventiladores, transportadores...)",Tubulão da caldeira,,,0,,,Somente lista oficial (sem contexto)
35221-M-1182,M,"Equipamentos Mecânicos (motores, tanques, ventiladores, transportadores...)",Tanque de purga (Desc. Contínua),,,0,,,Somente lista oficial (sem contexto)
37221-M-5073,M,"Equipamentos Mecânicos (motores, tanques, ventiladores, transportadores...)",Sistema Dolezal,,,0,,,Somente lista oficial (sem contexto)
37221-M-5082,M,"Equipamentos Mecânicos (motores, tanques, ventiladores, transportadores...)",Aquecedor de Água,,,0,,,Somente lista oficial (sem contexto)
37225-M-1736,M,"Equipamentos Mecânicos (motores, tanques, ventiladores, transportadores...)",Tanque de Condensado,,,0,,,Somente lista oficial (sem contexto)
35221-M-1731,M,"Equipamentos Mecânicos (motores, tanques, ventiladores, transportadores...)",Desaerador,,,0,,,Somente lista oficial (sem contexto)
37221-FIC-5015,FIC,Controladores Indicadores de Vazão,Controlador do fluxo de água de alimentação da caldeira (opera em cascata com o controlador de nível do tubulão 37221-LIC-5071 e comanda a válvula 37221-FV-5015) [descrição extraída do manual completo — não consta na lista oficial Klabin],,,1,"Quando o controle de fluxo de água de alimentação **37221-FIC-5015** estiver em operação, o controlador de nível do tubulão **37221-LIC-5071** também está normalmente em operação (o controle de 3 pontos do nível do tubulão também pode ser usado durante a partida).",03_Partida/Caldeira_Partida_Agua_Vapor_Caldeira.md,Manual completo (sem lista oficial)
37221-PI-5052,PI,Indicadores de Pressão,Indicador de pressão do tubulão de vapor (parâmetro de referência na curva de abertura da válvula de nível/purga do pré-aquecedor) [descrição extraída do manual completo — não consta na lista oficial Klabin],,,1,"* A válvula de pressão do sistema de alimentação de nitrogênio é ajustada para **0,3 bar(g)**. Quando a pressão da caldeira (**37221-PI-5052**) atinge 0,3 bar(g), a válvula abre automaticamente.",05_Desligamento/Caldeira_Desligamento_Conservacao_Protecao_Umida_Nitrogenio.md,Manual completo (sem lista oficial)
37220-XS-6225,XS,Chaves/Status Discretos (sequências),Proteção principal: liberação (permissivo) para partida dos ventiladores de ar [descrição extraída do manual completo — não consta na lista oficial Klabin],,,1,## Descrição de SRS — Visão Geral e Nível de SRS 1: Desarme para os Ventiladores de Ar (37220-XS-6225),09_Intertravamentos_SRS/Caldeira_Intertravamento_SRS1_Ventiladores.md,Manual completo (sem lista oficial)
